Country,Year,HygBasic_natperc,HygLimit_natperc,HygNone_natperc,HygBasic_ruralperc,HygLimit_ruralperc,HygNone_ruralperc,HygBasic_urbanperc,HygLimit_urbanperc,HygNone_urbanperc,Sl
Afghanistan,2005,37,35,28,29,38,33,64,23,13,6
Afghanistan,2006,37,35,28,29,38,33,64,23,13,7
Afghanistan,2007,37,35,28,29,38,33,64,23,13,8
Afghanistan,2008,37,35,28,29,38,33,64,23,13,9
Afghanistan,2009,37,35,28,29,38,33,64,23,13,10
Afghanistan,2010,37,35,28,29,38,33,64,23,13,11
Afghanistan,2011,37,35,28,29,38,33,64,23,13,12
Afghanistan,2012,37,35,28,29,38,33,64,23,13,13
Afghanistan,2013,37,35,28,29,38,33,64,23,13,14
Afghanistan,2014,38,35,28,29,38,33,64,23,13,15
Afghanistan,2015,38,35,28,29,38,33,64,23,13,16
Afghanistan,2016,38,34,28,29,38,33,64,23,13,17
Afghanistan,2017,38,34,28,29,38,33,64,23,13,18
Algeria,2009,83,8,9,73,13,14,88,6,6,46
Algeria,2010,83,8,9,73,13,14,88,6,6,47
Algeria,2011,83,8,9,73,13,14,88,6,6,48
Algeria,2012,83,8,9,73,13,14,88,6,6,49
Algeria,2013,83,8,9,73,13,14,88,6,6,50
Algeria,2014,83,8,9,73,13,14,88,6,6,51
Algeria,2015,84,8,8,73,13,14,88,6,6,52
Algeria,2016,84,8,8,73,13,14,88,6,6,53
Algeria,2017,84,8,8,73,13,14,88,6,6,54
Angola,2012,26,15,59,13,14,73,34,16,50,103
Angola,2013,26,15,59,13,14,73,34,16,50,104
Angola,2014,26,15,59,13,14,73,34,16,50,105
Angola,2015,26,15,59,13,14,73,34,16,50,106
Angola,2016,27,15,58,13,14,73,34,16,50,107
Angola,2017,27,15,58,13,14,73,34,16,50,108
Armenia,2000,83,13,4,66,25,9,93,6,2,163
Armenia,2001,84,12,4,67,24,9,93,5,2,164
Armenia,2002,84,11,4,68,22,9,93,5,2,165
Armenia,2003,85,11,4,70,21,9,94,5,2,166
Armenia,2004,86,10,4,71,19,9,94,5,2,167
Armenia,2005,86,9,4,73,18,9,94,4,2,168
Armenia,2006,87,9,4,74,17,9,94,4,2,169
Armenia,2007,88,8,5,76,15,9,94,4,2,170
Armenia,2008,88,7,5,77,14,9,95,4,2,171
Armenia,2009,89,7,5,78,12,9,95,3,2,172
Armenia,2010,89,6,5,80,11,9,95,3,2,173
Armenia,2011,90,5,5,81,9,10,95,3,2,174
Armenia,2012,91,5,5,83,8,10,96,3,2,175
Armenia,2013,91,4,5,84,6,10,96,2,2,176
Armenia,2014,92,3,5,85,5,10,96,2,2,177
Armenia,2015,93,2,5,87,4,10,96,2,2,178
Armenia,2016,93,2,5,88,2,10,96,2,2,179
Armenia,2017,94,1,5,90,<1,10,97,1,2,180
Azerbaijan,2009,83,11,5,-,-,-,-,-,-,244
Azerbaijan,2010,83,11,5,-,-,-,-,-,-,245
Azerbaijan,2011,83,11,5,-,-,-,-,-,-,246
Azerbaijan,2012,83,11,5,-,-,-,-,-,-,247
Azerbaijan,2013,83,11,5,-,-,-,-,-,-,248
Azerbaijan,2014,83,11,5,-,-,-,-,-,-,249
Azerbaijan,2015,83,11,5,-,-,-,-,-,-,250
Azerbaijan,2016,83,11,5,-,-,-,-,-,-,251
Azerbaijan,2017,83,11,5,-,-,-,-,-,-,252
Bangladesh,2005,33,56,12,26,61,14,51,42,7,294
Bangladesh,2006,33,55,12,26,61,14,51,42,7,295
Bangladesh,2007,33,55,12,26,61,14,51,42,7,296
Bangladesh,2008,33,55,12,26,61,14,51,42,7,297
Bangladesh,2009,33,55,12,26,61,14,51,42,7,298
Bangladesh,2010,33,55,12,26,61,14,51,42,7,299
Bangladesh,2011,34,55,12,26,61,14,51,42,7,300
Bangladesh,2012,34,55,12,26,61,14,51,42,7,301
Bangladesh,2013,34,54,12,26,61,14,51,42,7,302
Bangladesh,2014,34,54,11,26,61,14,51,42,7,303
Bangladesh,2015,34,54,11,26,61,14,51,42,7,304
Bangladesh,2016,35,54,11,26,61,14,51,42,7,305
Bangladesh,2017,35,54,11,26,61,14,51,42,7,306
Barbados,2008,88,2,9,-,-,-,-,-,-,315
Barbados,2009,88,2,9,-,-,-,-,-,-,316
Barbados,2010,88,2,9,-,-,-,-,-,-,317
Barbados,2011,88,2,9,-,-,-,-,-,-,318
Barbados,2012,88,2,9,-,-,-,-,-,-,319
Barbados,2013,88,2,9,-,-,-,-,-,-,320
Barbados,2014,88,2,9,-,-,-,-,-,-,321
Barbados,2015,88,2,9,-,-,-,-,-,-,322
Barbados,2016,88,2,9,-,-,-,-,-,-,323
Belize,2005,78,4,18,77,8,16,79,<1,21,366
Belize,2006,78,4,18,77,8,16,79,<1,21,367
Belize,2007,78,4,18,77,8,16,79,<1,21,368
Belize,2008,78,4,18,77,8,16,79,<1,21,369
Belize,2009,78,4,18,77,8,16,79,<1,21,370
Belize,2010,79,5,16,78,8,14,81,1,18,371
Belize,2011,81,5,14,80,8,12,82,2,15,372
Belize,2012,82,6,12,82,8,11,84,4,13,373
Belize,2013,84,7,9,83,8,9,85,5,10,374
Belize,2014,86,7,7,85,8,7,86,6,8,375
Belize,2015,87,8,5,86,8,5,88,7,5,376
Belize,2016,89,8,3,88,8,3,89,8,3,377
Belize,2017,90,9,<1,90,9,2,91,9,<1,378
Benin,2000,1,4,95,<1,3,97,3,5,92,379
Benin,2001,1,5,94,<1,4,96,4,6,91,380
Benin,2002,2,6,92,<1,5,95,4,6,89,381
Benin,2003,2,6,91,<1,6,93,5,7,88,382
Benin,2004,3,7,90,<1,7,92,6,8,86,383
Benin,2005,4,8,88,1,8,91,7,8,85,384
Benin,2006,4,9,87,2,8,90,8,9,83,385
Benin,2007,5,9,86,2,9,88,9,10,82,386
Benin,2008,6,10,84,3,10,87,10,10,80,387
Benin,2009,6,11,83,3,11,86,11,11,79,388
Benin,2010,7,12,81,4,12,85,11,11,77,389
Benin,2011,8,12,80,4,13,84,12,12,76,390
Benin,2012,8,13,79,4,13,82,13,13,74,391
Benin,2013,9,14,77,5,14,81,14,13,73,392
Benin,2014,10,14,76,5,15,80,15,14,71,393
Benin,2015,10,15,75,6,16,79,16,15,70,394
Benin,2016,11,16,73,6,17,77,17,15,68,395
Benin,2017,11,16,73,6,17,77,17,15,68,396
Bhutan,2006,79,19,2,75,22,3,87,12,<1,421
Bhutan,2007,79,19,2,75,22,3,87,12,<1,422
Bhutan,2008,79,19,2,75,22,3,87,12,<1,423
Bhutan,2009,79,19,2,75,22,3,87,12,<1,424
Bhutan,2010,79,19,2,75,22,3,87,12,<1,425
Bhutan,2011,80,18,2,75,22,3,87,12,<1,426
Bhutan,2012,80,18,2,75,22,3,87,12,<1,427
Bhutan,2013,80,18,2,75,22,3,87,12,<1,428
Bhutan,2014,80,18,2,75,22,3,87,12,<1,429
Bolivia (Plurinational State of),2010,25,16,59,19,27,54,28,10,62,443
Bolivia (Plurinational State of),2011,25,16,59,19,27,54,28,10,62,444
Bolivia (Plurinational State of),2012,25,16,59,19,27,54,28,10,62,445
Bolivia (Plurinational State of),2013,25,16,59,19,27,54,28,10,62,446
Bolivia (Plurinational State of),2014,25,15,59,19,27,54,28,10,62,447
Bolivia (Plurinational State of),2015,25,15,59,19,27,54,28,10,62,448
Bolivia (Plurinational State of),2016,25,15,59,19,27,54,28,10,62,449
Bolivia (Plurinational State of),2017,25,15,59,19,27,54,28,10,62,450
Bosnia and Herzegovina,2008,97,2,1,96,2,2,98,<1,<1,459
Bosnia and Herzegovina,2009,97,2,1,96,2,2,98,<1,<1,460
Bosnia and Herzegovina,2010,97,2,1,96,2,2,98,<1,<1,461
Bosnia and Herzegovina,2011,97,2,1,96,2,2,98,<1,<1,462
Bosnia and Herzegovina,2012,97,2,1,96,2,2,98,<1,<1,463
Bosnia and Herzegovina,2013,97,2,1,96,2,2,98,<1,<1,464
Bosnia and Herzegovina,2014,97,2,1,96,2,2,98,<1,<1,465
Bosnia and Herzegovina,2015,97,2,1,96,2,2,98,<1,<1,466
Bosnia and Herzegovina,2016,97,2,1,96,2,2,98,<1,<1,467
Burkina Faso,2000,6,94,<1,2,98,<1,23,77,<1,559
Burkina Faso,2001,6,94,<1,2,98,<1,23,77,<1,560
Burkina Faso,2002,6,93,<1,2,98,<1,23,75,2,561
Burkina Faso,2003,7,90,3,3,95,3,23,73,4,562
Burkina Faso,2004,7,87,6,3,91,6,23,71,6,563
Burkina Faso,2005,8,83,9,3,87,9,23,69,8,564
Burkina Faso,2006,8,80,12,4,83,13,23,67,10,565
Burkina Faso,2007,8,76,15,4,79,16,23,65,12,566
Burkina Faso,2008,9,73,19,4,76,20,23,63,14,567
Burkina Faso,2009,9,69,22,5,72,23,23,61,16,568
Burkina Faso,2010,10,66,25,5,68,27,23,58,19,569
Burkina Faso,2011,10,62,28,5,64,30,23,56,21,570
Burkina Faso,2012,10,59,31,6,60,34,23,54,23,571
Burkina Faso,2013,11,55,34,6,57,37,23,52,25,572
Burkina Faso,2014,11,52,37,7,53,41,23,50,27,573
Burkina Faso,2015,11,49,40,7,49,44,23,48,29,574
Burkina Faso,2016,12,45,43,7,45,48,23,46,31,575
Burkina Faso,2017,12,42,46,8,41,51,23,44,33,576
Burundi,2004,6,86,8,4,88,8,24,69,7,581
Burundi,2005,6,86,8,4,88,8,24,69,7,582
Burundi,2006,6,86,8,4,88,8,24,69,7,583
Burundi,2007,6,86,8,4,88,8,24,69,7,584
Burundi,2008,6,86,8,4,88,8,24,69,7,585
Burundi,2009,6,87,7,4,88,8,24,70,6,586
Burundi,2010,6,87,7,4,89,7,24,71,5,587
Burundi,2011,6,88,6,4,90,6,23,72,5,588
Burundi,2012,6,89,5,4,91,5,23,73,4,589
Burundi,2013,6,90,4,4,91,4,22,74,3,590
Burundi,2014,6,90,4,4,92,4,22,76,3,591
Burundi,2015,6,91,3,4,93,3,21,77,2,592
Burundi,2016,6,92,2,4,94,2,21,78,1,593
Burundi,2017,6,93,1,4,95,1,20,79,<1,594
Cambodia,2008,65,13,22,60,15,26,88,5,7,621
Cambodia,2009,65,13,22,60,15,26,88,5,7,622
Cambodia,2010,65,13,22,60,15,26,88,5,7,623
Cambodia,2011,66,13,22,60,15,26,88,5,7,624
Cambodia,2012,66,13,22,60,15,26,88,5,7,625
Cambodia,2013,66,13,21,60,15,26,88,5,7,626
Cambodia,2014,66,13,21,60,15,26,88,5,7,627
Cambodia,2015,66,13,21,60,15,26,88,5,7,628
Cambodia,2016,66,13,21,60,15,26,88,5,7,629
Cambodia,2017,66,13,21,60,15,26,88,5,7,630
Cameroon,2010,9,5,86,3,6,91,15,5,81,641
Cameroon,2011,9,5,86,3,6,91,15,5,81,642
Cameroon,2012,9,5,86,3,6,91,15,5,81,643
Cameroon,2013,9,5,86,3,6,91,15,5,81,644
Cameroon,2014,9,5,85,3,6,91,15,5,81,645
Cameroon,2015,9,5,85,3,6,91,15,5,81,646
Cameroon,2016,9,5,85,3,6,91,15,5,81,647
Cameroon,2017,9,5,85,3,6,91,15,5,81,648
Central African Republic,2006,16,5,78,13,4,83,22,7,71,709
Central African Republic,2007,16,5,78,13,4,83,22,7,71,710
Central African Republic,2008,16,5,78,13,4,83,22,7,71,711
Central African Republic,2009,16,5,78,13,4,83,22,7,71,712
Central African Republic,2010,17,5,78,13,4,83,22,7,71,713
Central African Republic,2011,17,5,78,13,4,83,22,7,71,714
Central African Republic,2012,17,5,78,13,4,83,22,7,71,715
Central African Republic,2013,17,5,78,13,4,83,22,7,71,716
Central African Republic,2014,17,5,78,13,4,83,22,7,71,717
Chad,2011,6,18,76,2,18,79,18,19,63,732
Chad,2012,6,18,76,2,18,79,18,19,63,733
Chad,2013,6,18,76,2,18,79,18,19,63,734
Chad,2014,6,18,76,2,18,79,18,19,63,735
Chad,2015,6,18,76,2,18,79,18,19,63,736
Chad,2016,6,18,76,2,18,79,18,19,63,737
Chad,2017,6,18,76,2,18,79,18,19,63,738
Colombia,2013,65,4,31,35,6,60,73,4,23,842
Colombia,2014,65,4,31,35,6,60,73,4,23,843
Colombia,2015,65,4,31,35,6,60,73,4,23,844
Colombia,2016,65,4,31,35,6,60,73,4,23,845
Colombia,2017,65,4,30,35,6,60,73,4,23,846
Comoros,2008,16,35,49,15,33,52,18,42,40,855
Comoros,2009,16,35,49,15,33,52,18,42,40,856
Comoros,2010,16,35,49,15,33,52,18,42,40,857
Comoros,2011,16,35,49,15,33,52,18,42,40,858
Comoros,2012,16,35,49,15,33,52,18,42,40,859
Comoros,2013,16,35,49,15,33,52,18,42,40,860
Comoros,2014,16,35,49,15,33,52,18,42,40,861
Comoros,2015,16,35,49,15,33,52,18,42,40,862
Comoros,2016,16,35,49,15,33,52,18,42,40,863
Congo,2011,47,34,18,32,43,25,56,29,14,876
Congo,2012,47,34,18,32,43,25,56,29,14,877
Congo,2013,48,34,18,32,43,25,56,29,14,878
Congo,2014,48,34,18,32,43,25,56,29,14,879
Congo,2015,48,34,18,32,43,25,56,29,14,880
Congo,2016,48,34,18,32,43,25,56,29,14,881
Congo,2017,48,34,18,32,43,25,56,29,14,882
Costa Rica,2007,84,10,6,83,12,5,84,10,6,908
Costa Rica,2008,84,10,6,83,12,5,84,10,6,909
Costa Rica,2009,84,10,6,83,12,5,84,10,6,910
Costa Rica,2010,84,10,6,83,12,5,84,10,6,911
Costa Rica,2011,84,10,6,83,12,5,84,10,6,912
Costa Rica,2012,84,10,6,83,12,5,84,10,6,913
Costa Rica,2013,84,10,6,83,12,5,84,10,6,914
Costa Rica,2014,84,10,6,83,12,5,84,10,6,915
Costa Rica,2015,84,10,6,83,12,5,84,10,6,916
Côte d'Ivoire,2006,19,34,48,10,37,53,28,30,42,925
Côte d'Ivoire,2007,19,34,47,10,37,53,28,30,42,926
Côte d'Ivoire,2008,19,34,47,10,37,53,28,30,42,927
Côte d'Ivoire,2009,19,34,47,10,37,53,28,30,42,928
Côte d'Ivoire,2010,19,34,47,10,37,53,28,30,42,929
Côte d'Ivoire,2011,19,34,47,10,37,53,28,30,42,930
Côte d'Ivoire,2012,19,34,47,10,37,53,28,30,42,931
Côte d'Ivoire,2013,19,34,47,10,37,53,28,30,42,932
Côte d'Ivoire,2014,19,34,47,10,37,53,28,30,42,933
Côte d'Ivoire,2015,19,34,47,10,37,53,28,30,42,934
Côte d'Ivoire,2016,19,34,47,10,37,53,28,30,42,935
Côte d'Ivoire,2017,19,34,47,10,37,53,28,30,42,936
Cuba,2010,85,10,5,76,12,12,88,9,3,965
Cuba,2011,85,10,5,76,12,12,88,9,3,966
Cuba,2012,85,10,5,76,12,12,88,9,3,967
Cuba,2013,85,10,5,76,12,12,88,9,3,968
Cuba,2014,85,10,5,76,12,12,88,9,3,969
Cuba,2015,85,10,5,76,12,12,88,9,3,970
Cuba,2016,85,10,5,76,12,12,88,9,3,971
Cuba,2017,85,10,5,76,12,12,88,9,3,972
Democratic Republic of the Congo,2004,4,11,85,2,11,87,7,12,81,1049
Democratic Republic of the Congo,2005,4,11,85,2,11,87,7,12,81,1050
Democratic Republic of the Congo,2006,4,11,85,2,11,87,7,12,81,1051
Democratic Republic of the Congo,2007,4,11,85,2,11,87,7,12,81,1052
Democratic Republic of the Congo,2008,4,11,85,2,11,87,7,12,81,1053
Democratic Republic of the Congo,2009,4,11,85,2,11,87,7,12,81,1054
Democratic Republic of the Congo,2010,4,11,85,2,11,87,7,12,81,1055
Democratic Republic of the Congo,2011,4,11,85,2,11,87,7,12,81,1056
Democratic Republic of the Congo,2012,4,11,84,2,11,87,7,12,81,1057
Democratic Republic of the Congo,2013,4,11,84,2,11,87,7,12,81,1058
Democratic Republic of the Congo,2014,4,11,84,2,11,87,7,12,81,1059
Democratic Republic of the Congo,2015,4,11,84,2,11,87,7,12,81,1060
Democratic Republic of the Congo,2016,4,11,84,2,11,87,7,12,81,1061
Democratic Republic of the Congo,2017,4,11,84,2,11,87,7,12,81,1062
Dominican Republic,2010,54,16,30,42,16,42,58,16,26,1127
Dominican Republic,2011,54,16,30,42,16,42,58,16,26,1128
Dominican Republic,2012,54,16,30,42,16,42,58,16,26,1129
Dominican Republic,2013,55,16,30,42,16,42,58,16,26,1130
Dominican Republic,2014,55,16,29,42,16,42,58,16,26,1131
Dominican Republic,2015,55,16,29,42,16,42,58,16,26,1132
Dominican Republic,2016,55,16,29,42,16,42,58,16,26,1133
Dominican Republic,2017,55,16,29,42,16,42,58,16,26,1134
Ecuador,2010,81,10,9,75,16,8,84,6,10,1145
Ecuador,2011,81,10,9,75,16,8,84,6,10,1146
Ecuador,2012,81,10,10,75,16,8,84,6,10,1147
Ecuador,2013,81,10,10,75,16,8,84,6,10,1148
Ecuador,2014,81,10,10,75,16,8,84,6,10,1149
Ecuador,2015,81,10,10,75,16,8,84,6,10,1150
Ecuador,2016,81,10,10,75,16,8,84,6,10,1151
Ecuador,2017,81,10,10,75,16,8,84,6,10,1152
Egypt,2000,66,16,18,51,20,29,86,10,4,1153
Egypt,2001,68,15,17,53,20,27,87,9,4,1154
Egypt,2002,69,15,16,56,19,25,87,9,4,1155
Egypt,2003,71,15,15,58,19,23,87,9,4,1156
Egypt,2004,72,14,14,60,19,21,88,9,4,1157
Egypt,2005,74,14,12,62,18,19,88,8,3,1158
Egypt,2006,75,14,11,65,18,17,89,8,3,1159
Egypt,2007,77,13,10,67,18,15,89,8,3,1160
Egypt,2008,78,13,9,69,17,14,89,8,3,1161
Egypt,2009,79,13,8,72,17,12,90,7,3,1162
Egypt,2010,81,12,7,74,16,10,90,7,3,1163
Egypt,2011,82,12,6,76,16,8,91,7,2,1164
Egypt,2012,84,12,4,78,16,6,91,7,2,1165
Egypt,2013,85,11,3,81,15,4,92,6,2,1166
Egypt,2014,87,11,2,83,15,2,92,6,2,1167
Egypt,2015,88,11,<1,85,14,<1,92,6,2,1168
Egypt,2016,90,10,<1,88,12,<1,93,6,2,1169
Egypt,2017,90,10,<1,88,12,<1,93,6,2,1170
El Salvador,2010,90,7,3,86,10,4,92,5,2,1181
El Salvador,2011,90,7,3,86,10,4,92,5,2,1182
El Salvador,2012,90,7,3,86,10,4,92,5,2,1183
El Salvador,2013,90,7,3,86,10,4,92,5,2,1184
El Salvador,2014,91,7,3,86,10,4,92,5,2,1185
El Salvador,2015,91,7,3,86,10,4,92,5,2,1186
El Salvador,2016,91,7,3,86,10,4,92,5,2,1187
El Salvador,2017,91,7,3,86,10,4,92,5,2,1188
Equatorial Guinea,2007,24,22,54,20,24,56,26,21,53,1196
Equatorial Guinea,2008,24,22,54,20,24,56,26,21,53,1197
Equatorial Guinea,2009,24,22,54,20,24,56,26,21,53,1198
Equatorial Guinea,2010,24,22,54,20,24,56,26,21,53,1199
Equatorial Guinea,2011,24,22,54,20,24,56,26,21,53,1200
Equatorial Guinea,2012,25,22,53,20,24,56,26,21,53,1201
Equatorial Guinea,2013,25,22,53,20,24,56,26,21,53,1202
Equatorial Guinea,2014,25,22,53,20,24,56,26,21,53,1203
Equatorial Guinea,2015,25,22,53,20,24,56,26,21,53,1204
Eswatini,2004,24,32,45,17,33,50,48,27,26,1247
Eswatini,2005,24,32,45,17,33,50,48,27,26,1248
Eswatini,2006,24,32,45,17,33,50,48,27,26,1249
Eswatini,2007,24,32,45,17,33,50,48,27,26,1250
Eswatini,2008,24,32,45,17,33,50,48,27,26,1251
Eswatini,2009,24,32,45,17,33,50,48,27,26,1252
Eswatini,2010,24,32,45,17,33,50,48,27,26,1253
Eswatini,2011,24,32,45,17,33,50,48,27,26,1254
Eswatini,2012,24,32,45,17,33,50,48,27,26,1255
Eswatini,2013,24,31,45,17,33,50,48,27,26,1256
Eswatini,2014,24,31,45,17,33,50,48,27,26,1257
Eswatini,2015,24,31,45,17,33,50,48,27,26,1258
Eswatini,2016,24,31,44,17,33,50,48,27,26,1259
Eswatini,2017,24,31,44,17,33,50,48,27,26,1260
Ethiopia,2012,8,51,41,4,50,46,23,57,19,1273
Ethiopia,2013,8,51,41,4,50,46,23,57,19,1274
Ethiopia,2014,8,51,41,4,50,46,23,57,19,1275
Ethiopia,2015,8,51,41,4,50,46,23,57,19,1276
Ethiopia,2016,8,51,41,4,50,46,23,57,19,1277
Ethiopia,2017,8,51,41,4,50,46,23,57,19,1278
Gambia,2004,7,15,78,1,13,85,12,16,72,1427
Gambia,2005,7,15,78,1,13,85,12,16,72,1428
Gambia,2006,7,15,78,1,13,85,12,16,72,1429
Gambia,2007,7,15,78,1,13,85,12,16,72,1430
Gambia,2008,7,15,78,1,13,85,12,16,72,1431
Gambia,2009,7,15,78,1,13,85,12,16,72,1432
Gambia,2010,7,15,78,1,13,85,12,16,72,1433
Gambia,2011,7,15,78,1,13,85,12,16,72,1434
Gambia,2012,7,15,77,1,13,85,12,16,72,1435
Gambia,2013,8,15,77,1,13,85,12,16,72,1436
Gambia,2014,8,15,77,1,13,85,12,16,72,1437
Gambia,2015,8,15,77,1,13,85,12,16,72,1438
Gambia,2016,8,15,77,1,13,85,12,16,72,1439
Gambia,2017,8,15,77,1,13,85,12,16,72,1440
Ghana,2013,41,42,17,37,43,20,45,41,14,1490
Ghana,2014,41,42,17,37,43,20,45,41,14,1491
Ghana,2015,41,42,17,37,43,20,45,41,14,1492
Ghana,2016,41,42,17,37,43,20,45,41,14,1493
Ghana,2017,41,42,17,37,43,20,45,41,14,1494
Guatemala,2011,76,21,3,70,27,3,83,14,2,1614
Guatemala,2012,76,21,3,70,27,3,83,14,2,1615
Guatemala,2013,76,21,3,70,27,3,83,14,2,1616
Guatemala,2014,77,21,3,70,27,3,83,14,2,1617
Guatemala,2015,77,21,3,70,27,3,83,14,2,1618
Guatemala,2016,77,21,3,70,27,3,83,14,2,1619
Guatemala,2017,77,21,3,70,27,3,83,14,2,1620
Guinea,2006,17,31,52,13,33,55,26,27,47,1627
Guinea,2007,17,31,52,13,33,55,26,27,47,1628
Guinea,2008,17,31,52,13,33,55,26,27,47,1629
Guinea,2009,17,31,52,13,33,55,26,27,47,1630
Guinea,2010,17,31,52,13,33,55,26,27,47,1631
Guinea,2011,17,31,52,13,33,55,26,27,47,1632
Guinea,2012,17,31,52,13,33,55,26,27,47,1633
Guinea,2013,17,31,52,13,33,55,26,27,47,1634
Guinea,2014,17,31,52,13,33,55,26,27,47,1635
Guinea,2015,17,31,52,13,33,55,26,27,47,1636
Guinea,2016,17,31,52,13,33,55,26,27,47,1637
Guinea,2017,17,31,52,13,33,55,26,27,47,1638
Guinea-Bissau,2004,6,5,89,5,4,92,9,6,85,1643
Guinea-Bissau,2005,6,5,89,5,4,92,9,6,85,1644
Guinea-Bissau,2006,6,5,89,5,4,92,9,6,85,1645
Guinea-Bissau,2007,6,5,89,5,4,92,9,6,85,1646
Guinea-Bissau,2008,6,5,89,5,4,92,9,6,85,1647
Guinea-Bissau,2009,6,5,89,5,4,92,9,6,85,1648
Guinea-Bissau,2010,6,5,89,5,4,92,9,6,85,1649
Guinea-Bissau,2011,6,5,89,5,4,92,9,6,85,1650
Guinea-Bissau,2012,6,5,89,5,4,92,9,6,85,1651
Guinea-Bissau,2013,6,5,89,5,4,92,9,6,85,1652
Guinea-Bissau,2014,6,5,89,5,4,92,9,6,85,1653
Guinea-Bissau,2015,6,5,89,5,4,92,9,6,85,1654
Guinea-Bissau,2016,6,5,89,5,4,92,9,6,85,1655
Guinea-Bissau,2017,6,5,89,5,4,92,9,6,85,1656
Guyana,2010,77,11,12,78,12,10,75,9,16,1667
Guyana,2011,77,11,12,78,12,10,75,9,16,1668
Guyana,2012,77,11,12,78,12,10,75,9,16,1669
Guyana,2013,77,11,12,78,12,10,75,9,16,1670
Guyana,2014,77,11,12,78,12,10,75,9,16,1671
Guyana,2015,77,11,12,78,12,10,75,9,16,1672
Guyana,2016,77,11,12,78,12,10,75,9,16,1673
Guyana,2017,77,11,12,78,12,10,75,9,16,1674
Haiti,2006,24,35,40,18,39,44,32,31,36,1681
Haiti,2007,24,35,40,18,39,44,32,31,36,1682
Haiti,2008,24,35,40,18,39,44,32,31,36,1683
Haiti,2009,25,35,40,18,39,44,32,31,36,1684
Haiti,2010,25,35,40,18,39,44,32,31,36,1685
Haiti,2011,24,39,37,18,42,40,32,35,33,1686
Haiti,2012,24,43,33,17,46,37,31,39,29,1687
Haiti,2013,24,46,30,17,49,34,31,43,26,1688
Haiti,2014,24,50,26,17,53,30,30,47,22,1689
Haiti,2015,23,54,23,17,56,27,30,51,19,1690
Haiti,2016,23,58,19,16,60,24,29,55,15,1691
Haiti,2017,23,61,16,16,63,21,29,60,12,1692
Honduras,2008,84,11,6,80,15,5,87,6,7,1719
Honduras,2009,84,10,6,80,15,5,87,6,7,1720
Honduras,2010,84,10,6,80,15,5,87,6,7,1721
Honduras,2011,84,10,6,80,15,5,87,6,7,1722
Honduras,2012,84,10,6,80,15,5,87,6,7,1723
Honduras,2013,84,10,6,80,15,5,87,6,7,1724
Honduras,2014,84,10,6,80,15,5,87,6,7,1725
Honduras,2015,84,10,6,80,15,5,87,6,7,1726
Honduras,2016,84,10,6,80,15,5,87,6,7,1727
India,2012,59,38,3,49,47,3,80,19,2,1777
India,2013,59,38,3,49,47,3,80,19,2,1778
India,2014,59,38,3,49,47,3,80,19,2,1779
India,2015,59,38,3,49,47,3,80,19,2,1780
India,2016,59,38,3,49,47,3,80,19,2,1781
India,2017,60,38,3,49,47,3,80,19,2,1782
Indonesia,2006,63,6,31,55,6,38,72,6,22,1789
Indonesia,2007,63,6,31,55,6,38,72,6,22,1790
Indonesia,2008,63,6,30,55,6,38,72,6,22,1791
Indonesia,2009,63,6,30,55,6,38,72,6,22,1792
Indonesia,2010,63,6,30,55,6,38,72,6,22,1793
Indonesia,2011,64,6,30,55,6,38,72,6,22,1794
Indonesia,2012,64,6,30,55,6,38,72,6,22,1795
Indonesia,2013,64,6,30,55,6,38,72,6,22,1796
Indonesia,2014,64,6,30,55,6,38,72,6,22,1797
Indonesia,2015,64,6,30,55,6,38,72,6,22,1798
Indonesia,2016,64,6,30,55,6,38,72,6,22,1799
Indonesia,2017,64,6,29,55,6,38,72,6,22,1800
Iraq,2005,90,4,7,78,7,15,95,2,3,1824
Iraq,2006,90,4,7,78,7,15,95,2,3,1825
Iraq,2007,90,4,7,78,7,15,95,2,3,1826
Iraq,2008,90,4,7,78,7,15,95,2,3,1827
Iraq,2009,90,4,7,78,7,15,95,2,3,1828
Iraq,2010,90,4,6,79,7,14,95,2,2,1829
Iraq,2011,91,4,5,81,7,12,95,2,2,1830
Iraq,2012,92,4,5,83,7,11,96,2,2,1831
Iraq,2013,92,4,4,84,7,9,96,2,2,1832
Iraq,2014,93,4,3,86,7,8,96,3,2,1833
Iraq,2015,93,4,3,87,7,6,96,3,1,1834
Iraq,2016,94,4,2,89,7,5,96,3,1,1835
Iraq,2017,95,4,2,90,7,3,96,3,<1,1836
Jamaica,2007,66,16,17,63,19,18,69,14,16,1916
Jamaica,2008,66,16,17,63,19,18,69,14,16,1917
Jamaica,2009,66,16,17,63,19,18,69,14,16,1918
Jamaica,2010,66,16,17,63,19,18,69,14,16,1919
Jamaica,2011,66,16,17,63,19,18,69,14,16,1920
Jamaica,2012,66,16,17,63,19,18,69,14,16,1921
Jamaica,2013,66,16,17,63,19,18,69,14,16,1922
Jamaica,2014,66,16,17,63,19,18,69,14,16,1923
Jamaica,2015,66,16,17,63,19,18,69,14,16,1924
Kazakhstan,2000,-,-,<1,-,-,<1,-,-,<1,1963
Kazakhstan,2001,-,-,<1,-,-,<1,-,-,<1,1964
Kazakhstan,2002,-,-,<1,-,-,<1,-,-,<1,1965
Kazakhstan,2003,-,-,<1,-,-,<1,-,-,<1,1966
Kazakhstan,2004,-,-,<1,-,-,<1,-,-,<1,1967
Kazakhstan,2005,-,-,<1,-,-,<1,-,-,<1,1968
Kazakhstan,2006,-,-,<1,-,-,<1,-,-,<1,1969
Kazakhstan,2007,-,-,<1,-,-,<1,-,-,<1,1970
Kazakhstan,2008,-,-,<1,-,-,<1,-,-,<1,1971
Kazakhstan,2009,-,-,<1,-,-,<1,-,-,<1,1972
Kazakhstan,2010,-,-,<1,-,-,<1,-,-,<1,1973
Kazakhstan,2011,99,<1,<1,99,<1,<1,>99,<1,<1,1974
Kazakhstan,2012,99,<1,<1,99,<1,<1,>99,<1,<1,1975
Kazakhstan,2013,99,<1,<1,99,<1,<1,>99,<1,<1,1976
Kazakhstan,2014,99,<1,<1,99,<1,<1,>99,<1,<1,1977
Kazakhstan,2015,99,<1,<1,99,<1,<1,>99,<1,<1,1978
Kazakhstan,2016,99,<1,<1,99,<1,<1,>99,<1,<1,1979
Kazakhstan,2017,99,<1,<1,99,<1,<1,>99,<1,<1,1980
Kenya,2013,24,35,40,22,34,44,32,40,29,1994
Kenya,2014,25,35,40,22,34,44,32,40,29,1995
Kenya,2015,25,35,40,22,34,44,32,40,29,1996
Kenya,2016,25,35,40,22,34,44,32,40,29,1997
Kenya,2017,25,35,40,22,34,44,32,40,29,1998
Kyrgyzstan,2006,89,9,2,87,11,2,93,5,1,2041
Kyrgyzstan,2007,89,9,2,87,11,2,93,5,1,2042
Kyrgyzstan,2008,89,9,2,87,11,2,93,5,1,2043
Kyrgyzstan,2009,89,9,2,87,11,2,93,5,1,2044
Kyrgyzstan,2010,89,9,2,87,11,2,93,5,1,2045
Kyrgyzstan,2011,89,9,2,87,11,2,93,5,1,2046
Kyrgyzstan,2012,89,9,2,87,11,2,93,5,1,2047
Kyrgyzstan,2013,89,9,2,87,11,2,93,5,1,2048
Kyrgyzstan,2014,89,9,2,87,11,2,93,5,1,2049
Kyrgyzstan,2015,89,9,2,87,11,2,93,5,1,2050
Kyrgyzstan,2016,89,9,2,87,11,2,93,5,1,2051
Kyrgyzstan,2017,89,9,2,87,11,2,93,5,1,2052
Lao People's Democratic Republic,2013,49,41,10,41,48,11,67,25,8,2066
Lao People's Democratic Republic,2014,49,41,10,41,48,11,67,25,8,2067
Lao People's Democratic Republic,2015,50,41,10,41,48,11,67,25,8,2068
Lao People's Democratic Republic,2016,50,40,10,41,48,11,67,25,8,2069
Lao People's Democratic Republic,2017,50,40,10,41,48,11,67,25,8,2070
Lesotho,2010,2,3,95,<1,2,98,6,5,89,2117
Lesotho,2011,2,3,95,<1,2,98,6,5,89,2118
Lesotho,2012,2,3,95,<1,2,98,6,5,89,2119
Lesotho,2013,2,3,95,<1,2,98,6,5,89,2120
Lesotho,2014,2,3,95,<1,2,98,6,5,89,2121
Lesotho,2015,2,3,95,<1,2,98,6,5,89,2122
Lesotho,2016,2,3,95,<1,2,98,6,5,89,2123
Lesotho,2017,2,3,95,<1,2,98,6,5,89,2124
Liberia,2009,1,1,97,<1,1,98,2,1,97,2134
Liberia,2010,1,1,97,<1,1,98,2,1,97,2135
Liberia,2011,1,1,97,<1,1,98,2,1,97,2136
Liberia,2012,1,1,97,<1,1,98,2,1,97,2137
Liberia,2013,1,1,97,<1,1,98,2,1,97,2138
Liberia,2014,1,1,97,<1,1,98,2,1,97,2139
Liberia,2015,1,1,97,<1,1,98,2,1,97,2140
Liberia,2016,1,1,97,<1,1,98,2,1,97,2141
Liberia,2017,1,1,97,<1,1,98,2,1,97,2142
Madagascar,2000,5,60,35,<1,60,40,20,58,22,2215
Madagascar,2001,5,60,35,<1,60,40,20,58,22,2216
Madagascar,2002,5,60,35,<1,60,40,20,58,22,2217
Madagascar,2003,8,58,34,2,59,39,25,54,21,2218
Madagascar,2004,13,54,33,6,55,38,31,49,21,2219
Madagascar,2005,18,49,32,11,51,37,36,44,20,2220
Madagascar,2006,24,45,31,16,47,37,42,39,19,2221
Madagascar,2007,29,41,31,21,43,36,47,34,18,2222
Madagascar,2008,34,36,30,26,39,35,53,30,17,2223
Madagascar,2009,39,32,29,31,35,34,58,25,17,2224
Madagascar,2010,45,28,28,35,31,33,64,20,16,2225
Madagascar,2011,50,23,27,40,27,33,69,15,15,2226
Madagascar,2012,50,23,27,40,27,33,69,15,15,2227
Madagascar,2013,50,23,27,40,27,33,69,15,15,2228
Madagascar,2014,50,23,27,40,27,33,69,15,15,2229
Madagascar,2015,51,23,26,40,27,33,69,15,15,2230
Malawi,2000,17,74,9,13,76,11,35,62,3,2233
Malawi,2001,16,74,10,13,76,11,34,63,3,2234
Malawi,2002,16,74,10,13,76,11,33,64,3,2235
Malawi,2003,15,74,11,12,76,12,32,65,4,2236
Malawi,2004,15,74,11,12,76,12,31,66,4,2237
Malawi,2005,14,74,11,12,76,13,29,67,4,2238
Malawi,2006,14,74,12,11,76,13,28,67,4,2239
Malawi,2007,13,74,12,11,76,13,27,68,5,2240
Malawi,2008,13,75,12,11,76,14,26,69,5,2241
Malawi,2009,12,75,13,10,76,14,25,70,5,2242
Malawi,2010,12,75,13,10,75,15,24,71,5,2243
Malawi,2011,12,75,14,10,75,15,22,72,6,2244
Malawi,2012,11,75,14,9,75,15,21,73,6,2245
Malawi,2013,11,75,14,9,75,16,20,74,6,2246
Malawi,2014,10,75,15,8,75,16,19,75,7,2247
Malawi,2015,10,75,15,8,75,17,18,76,7,2248
Malawi,2016,9,75,15,8,75,17,16,76,7,2249
Malawi,2017,9,76,16,7,75,17,15,77,7,2250
Maldives,2000,-,-,-,-,-,-,-,-,<1,2269
Maldives,2001,-,-,-,-,-,-,-,-,<1,2270
Maldives,2002,-,-,-,-,-,-,-,-,<1,2271
Maldives,2003,-,-,-,-,-,-,-,-,<1,2272
Maldives,2004,-,-,-,-,-,-,-,-,<1,2273
Maldives,2005,-,-,-,-,-,-,-,-,<1,2274
Maldives,2006,-,-,-,-,-,-,-,-,<1,2275
Maldives,2007,-,-,-,-,-,-,-,-,<1,2276
Maldives,2008,-,-,-,-,-,-,-,-,<1,2277
Maldives,2009,-,-,-,-,-,-,-,-,<1,2278
Maldives,2010,-,-,-,-,-,-,-,-,<1,2279
Maldives,2011,-,-,-,-,-,-,-,-,<1,2280
Maldives,2012,-,-,-,-,-,-,-,-,<1,2281
Maldives,2013,96,2,2,95,1,4,97,2,<1,2282
Maldives,2014,96,2,2,95,1,4,97,2,<1,2283
Maldives,2015,96,2,2,95,1,4,97,2,<1,2284
Maldives,2016,96,2,2,95,1,4,97,2,<1,2285
Maldives,2017,96,2,2,95,1,4,97,2,<1,2286
Mali,2011,51,25,24,39,31,30,70,16,13,2298
Mali,2012,51,25,24,39,31,30,70,16,13,2299
Mali,2013,51,25,24,39,31,30,70,16,13,2300
Mali,2014,51,25,23,39,31,30,70,16,13,2301
Mali,2015,52,25,23,39,31,30,70,16,13,2302
Mali,2016,52,25,23,39,31,30,70,16,13,2303
Mali,2017,52,25,23,39,31,30,70,16,13,2304
Marshall Islands,2013,82,15,2,77,19,4,84,14,2,2336
Marshall Islands,2014,82,15,2,77,19,4,84,14,2,2337
Marshall Islands,2015,82,15,2,77,19,4,84,14,2,2338
Marshall Islands,2016,82,15,2,77,19,4,84,14,2,2339
Marshall Islands,2017,83,15,2,77,19,4,84,14,2,2340
Mauritania,2011,42,37,21,29,38,33,55,36,8,2370
Mauritania,2012,42,37,21,29,38,33,55,36,8,2371
Mauritania,2013,42,37,21,29,38,33,55,36,8,2372
Mauritania,2014,42,37,21,29,38,33,55,36,8,2373
Mauritania,2015,43,37,21,29,38,33,55,36,8,2374
Mauritania,2016,43,37,20,29,38,33,55,36,8,2375
Mauritania,2017,43,37,20,29,38,33,55,36,8,2376
Mexico,2011,88,9,3,80,15,5,90,8,2,2424
Mexico,2012,88,9,3,80,15,5,90,8,2,2425
Mexico,2013,88,9,3,80,15,5,90,8,2,2426
Mexico,2014,88,9,3,80,15,5,90,8,2,2427
Mexico,2015,88,9,3,80,15,5,90,8,2,2428
Mexico,2016,88,9,3,80,15,5,90,8,2,2429
Mexico,2017,88,9,3,80,15,5,90,8,2,2430
Micronesia (Federated States of),2001,-,-,72,-,-,-,-,-,-,2432
Micronesia (Federated States of),2002,-,-,72,-,-,-,-,-,-,2433
Micronesia (Federated States of),2003,-,-,72,-,-,-,-,-,-,2434
Micronesia (Federated States of),2004,-,-,72,-,-,-,-,-,-,2435
Micronesia (Federated States of),2005,-,-,72,-,-,-,-,-,-,2436
Micronesia (Federated States of),2006,-,-,72,-,-,-,-,-,-,2437
Micronesia (Federated States of),2007,-,-,72,-,-,-,-,-,-,2438
Micronesia (Federated States of),2008,-,-,72,-,-,-,-,-,-,2439
Micronesia (Federated States of),2009,-,-,72,-,-,-,-,-,-,2440
Mongolia,2004,69,7,24,49,10,41,81,6,12,2471
Mongolia,2005,69,7,23,49,10,41,81,6,12,2472
Mongolia,2006,70,7,23,49,10,41,81,6,12,2473
Mongolia,2007,70,7,23,49,10,41,81,6,12,2474
Mongolia,2008,70,7,22,49,10,41,81,6,12,2475
Mongolia,2009,71,7,22,49,10,41,81,6,12,2476
Mongolia,2010,71,7,22,49,10,41,81,6,12,2477
Mongolia,2011,71,7,22,49,10,41,81,6,12,2478
Mongolia,2012,71,7,22,49,10,41,81,6,12,2479
Mongolia,2013,71,7,22,49,10,41,81,6,12,2480
Mongolia,2014,71,7,22,49,10,41,81,6,12,2481
Mongolia,2015,71,7,22,49,10,41,81,6,12,2482
Mongolia,2016,71,7,22,49,10,41,81,6,12,2483
Mongolia,2017,71,7,22,49,10,41,81,6,12,2484
Mozambique,2007,12,33,55,8,37,55,21,24,55,2546
Mozambique,2008,12,33,55,8,37,55,21,24,55,2547
Mozambique,2009,12,33,55,8,37,55,21,24,55,2548
Mozambique,2010,12,33,55,8,37,55,21,24,55,2549
Mozambique,2011,12,33,55,8,37,55,21,24,55,2550
Mozambique,2012,12,33,55,8,37,55,21,24,55,2551
Mozambique,2013,12,33,55,8,37,55,21,24,55,2552
Mozambique,2014,12,33,55,8,37,55,21,24,55,2553
Mozambique,2015,12,32,55,8,37,55,21,24,55,2554
Myanmar,2012,79,15,6,74,19,7,92,5,3,2569
Myanmar,2013,79,15,6,74,19,7,92,5,3,2570
Myanmar,2014,79,15,6,74,19,7,92,5,3,2571
Myanmar,2015,79,15,6,74,19,7,92,5,3,2572
Myanmar,2016,79,15,6,74,19,7,92,5,3,2573
Myanmar,2017,79,15,6,74,19,7,92,5,3,2574
Namibia,2009,42,46,12,27,58,15,62,28,9,2584
Namibia,2010,42,46,12,27,58,15,62,28,9,2585
Namibia,2011,42,45,12,27,58,15,62,28,9,2586
Namibia,2012,43,45,12,27,58,15,62,28,9,2587
Namibia,2013,43,45,12,27,58,15,62,28,9,2588
Namibia,2014,43,44,12,27,58,15,62,28,9,2589
Namibia,2015,44,44,12,27,58,15,62,28,9,2590
Namibia,2016,44,44,12,27,58,15,62,28,9,2591
Namibia,2017,45,43,12,27,58,15,62,28,9,2592
Nepal,2005,55,44,<1,50,49,<1,84,15,1,2616
Nepal,2006,55,44,<1,50,49,<1,84,15,1,2617
Nepal,2007,55,44,<1,50,49,<1,84,15,1,2618
Nepal,2008,56,44,<1,50,49,<1,84,15,1,2619
Nepal,2009,56,44,<1,50,49,<1,84,15,1,2620
Nepal,2010,55,44,<1,49,50,<1,82,17,<1,2621
Nepal,2011,54,45,<1,48,51,<1,80,20,<1,2622
Nepal,2012,53,46,<1,48,52,<1,78,22,<1,2623
Nepal,2013,52,47,<1,47,52,<1,76,24,<1,2624
Nepal,2014,51,48,<1,46,53,<1,74,26,<1,2625
Nepal,2015,50,49,<1,45,54,<1,72,28,<1,2626
Nepal,2016,49,50,<1,44,55,<1,69,30,<1,2627
Nepal,2017,48,51,<1,43,56,1,67,32,<1,2628
Niger,2002,9,75,16,5,78,17,30,57,13,2703
Niger,2003,9,75,16,5,78,17,30,57,13,2704
Niger,2004,9,75,16,5,78,17,30,57,13,2705
Niger,2005,9,75,16,5,78,17,30,57,13,2706
Niger,2006,9,75,16,5,78,17,30,57,13,2707
Niger,2007,9,75,16,5,78,17,30,57,13,2708
Niger,2008,9,75,16,5,78,17,30,57,13,2709
Niger,2009,9,75,16,5,78,17,30,57,13,2710
Niger,2010,9,75,16,5,78,17,30,57,13,2711
Nigeria,2011,41,33,26,31,40,28,53,25,23,2730
Nigeria,2012,41,33,26,31,40,28,53,25,23,2731
Nigeria,2013,41,33,26,31,40,28,53,25,23,2732
Nigeria,2014,41,33,26,31,40,28,53,25,23,2733
Nigeria,2015,42,33,26,31,40,28,53,25,23,2734
Nigeria,2016,42,33,26,31,40,28,53,25,23,2735
Nigeria,2017,42,33,25,31,40,28,53,25,23,2736
Pakistan,2009,59,32,9,46,43,11,83,12,5,2836
Pakistan,2010,59,32,9,46,43,11,83,12,5,2837
Pakistan,2011,59,32,9,46,43,11,83,12,5,2838
Pakistan,2012,59,32,8,46,43,11,83,12,5,2839
Pakistan,2013,59,32,8,46,43,11,83,12,5,2840
Pakistan,2014,59,32,8,46,43,11,83,12,5,2841
Pakistan,2015,59,32,8,46,43,11,83,12,5,2842
Pakistan,2016,60,32,8,46,43,11,83,12,5,2843
Pakistan,2017,60,32,8,46,43,11,83,12,5,2844
Paraguay,2012,79,18,2,72,25,3,84,13,2,2911
Paraguay,2013,79,18,2,72,25,3,84,13,2,2912
Paraguay,2014,79,18,2,72,25,3,84,13,2,2913
Paraguay,2015,80,18,2,72,25,3,84,13,2,2914
Paraguay,2016,80,18,2,72,25,3,84,13,2,2915
Paraguay,2017,80,18,2,72,25,3,84,13,2,2916
Peru,2009,-,-,-,56,42,3,-,-,-,2926
Peru,2010,-,-,-,56,42,3,-,-,-,2927
Peru,2011,-,-,-,56,42,3,-,-,-,2928
Peru,2012,-,-,-,56,42,3,-,-,-,2929
Peru,2013,-,-,-,56,42,3,-,-,-,2930
Peru,2014,-,-,-,56,42,3,-,-,-,2931
Peru,2015,-,-,-,56,42,3,-,-,-,2932
Peru,2016,-,-,-,56,42,3,-,-,-,2933
Peru,2017,-,-,-,56,42,3,-,-,-,2934
Philippines,2011,78,12,10,73,14,13,85,9,6,2946
Philippines,2012,78,12,10,73,14,13,85,9,6,2947
Philippines,2013,78,12,10,73,14,13,85,9,6,2948
Philippines,2014,78,12,10,73,14,13,85,9,6,2949
Philippines,2015,78,12,10,73,14,13,85,9,6,2950
Philippines,2016,78,12,10,73,14,13,85,9,6,2951
Philippines,2017,78,12,10,73,14,13,85,9,6,2952
Republic of Moldova,2008,87,7,6,82,10,8,93,2,4,3051
Republic of Moldova,2009,87,7,6,82,10,8,93,2,4,3052
Republic of Moldova,2010,87,7,6,82,10,8,93,2,4,3053
Republic of Moldova,2011,87,7,6,82,10,8,93,2,4,3054
Republic of Moldova,2012,87,7,6,82,10,8,93,2,4,3055
Republic of Moldova,2013,87,7,6,82,10,8,93,2,4,3056
Republic of Moldova,2014,87,7,6,82,10,8,93,2,4,3057
Republic of Moldova,2015,87,7,6,82,10,8,93,2,4,3058
Republic of Moldova,2016,87,7,6,82,10,8,93,2,4,3059
Rwanda,2000,1,2,97,<1,2,98,7,3,90,3115
Rwanda,2001,1,2,96,<1,2,98,8,3,89,3116
Rwanda,2002,2,3,96,<1,3,97,8,4,88,3117
Rwanda,2003,2,3,95,<1,3,96,8,4,88,3118
Rwanda,2004,2,4,94,<1,4,96,9,4,87,3119
Rwanda,2005,2,4,94,<1,4,95,9,4,86,3120
Rwanda,2006,3,5,93,1,5,94,9,5,86,3121
Rwanda,2007,3,5,92,1,5,94,10,5,85,3122
Rwanda,2008,3,6,92,1,6,93,10,5,85,3123
Rwanda,2009,3,6,91,2,6,92,11,6,84,3124
Rwanda,2010,3,6,90,2,7,92,11,6,83,3125
Rwanda,2011,3,7,90,2,7,91,11,6,83,3126
Rwanda,2012,4,7,89,2,8,90,12,6,82,3127
Rwanda,2013,4,8,88,2,8,90,12,7,81,3128
Rwanda,2014,4,8,88,2,9,89,12,7,81,3129
Rwanda,2015,4,9,87,2,9,88,13,7,80,3130
Rwanda,2016,4,9,86,3,10,88,13,8,79,3131
Rwanda,2017,5,10,86,3,10,87,13,8,79,3132
Saint Lucia,2008,87,8,5,87,8,5,88,7,5,3177
Saint Lucia,2009,87,8,5,87,8,5,88,7,5,3178
Saint Lucia,2010,87,8,5,87,8,5,88,7,5,3179
Saint Lucia,2011,87,8,5,87,8,5,88,7,5,3180
Saint Lucia,2012,87,8,5,87,8,5,88,7,5,3181
Saint Lucia,2013,87,8,5,87,8,5,88,7,5,3182
Saint Lucia,2014,87,8,5,87,8,5,88,7,5,3183
Saint Lucia,2015,87,8,5,87,8,5,88,7,5,3184
Saint Lucia,2016,87,8,5,87,8,5,88,7,5,3185
Sao Tome and Principe,2010,42,14,44,47,17,36,39,13,48,3269
Sao Tome and Principe,2011,42,14,44,47,17,36,39,13,48,3270
Sao Tome and Principe,2012,42,14,44,47,17,36,39,13,48,3271
Sao Tome and Principe,2013,42,14,44,47,17,36,39,13,48,3272
Sao Tome and Principe,2014,42,14,44,47,17,36,39,13,48,3273
Sao Tome and Principe,2015,41,14,45,47,17,36,39,13,48,3274
Sao Tome and Principe,2016,41,14,45,47,17,36,39,13,48,3275
Sao Tome and Principe,2017,41,14,45,47,17,36,39,13,48,3276
Senegal,2013,24,22,54,9,23,68,42,21,37,3308
Senegal,2014,24,22,54,9,23,68,42,21,37,3309
Senegal,2015,24,22,54,9,23,68,42,21,37,3310
Senegal,2016,24,22,54,9,23,68,42,21,37,3311
Senegal,2017,24,22,54,9,23,68,42,21,37,3312
Serbia,2006,98,<1,1,98,1,1,98,<1,2,3319
Serbia,2007,98,<1,1,98,1,1,98,<1,2,3320
Serbia,2008,98,<1,1,98,1,1,98,<1,2,3321
Serbia,2009,98,<1,1,98,1,1,98,<1,2,3322
Serbia,2010,98,<1,1,98,1,1,98,<1,2,3323
Serbia,2011,98,<1,1,98,1,1,98,<1,2,3324
Serbia,2012,98,<1,1,98,1,1,98,<1,2,3325
Serbia,2013,98,<1,1,98,1,1,98,<1,2,3326
Serbia,2014,98,<1,1,98,1,1,98,<1,2,3327
Sierra Leone,2004,11,63,26,8,67,25,17,56,27,3353
Sierra Leone,2005,11,63,26,8,67,25,17,56,27,3354
Sierra Leone,2006,11,63,26,8,67,25,17,56,27,3355
Sierra Leone,2007,11,63,26,8,67,25,17,56,27,3356
Sierra Leone,2008,11,63,26,8,67,25,17,56,27,3357
Sierra Leone,2009,12,58,30,8,62,29,18,52,30,3358
Sierra Leone,2010,13,54,33,9,57,34,19,48,32,3359
Sierra Leone,2011,14,49,37,10,52,38,20,45,35,3360
Sierra Leone,2012,15,45,41,10,47,43,22,41,37,3361
Sierra Leone,2013,16,40,44,11,42,47,23,37,40,3362
Sierra Leone,2014,17,36,48,12,37,51,24,34,42,3363
Sierra Leone,2015,17,31,51,12,32,56,25,30,45,3364
Sierra Leone,2016,18,27,55,13,27,60,26,27,47,3365
Sierra Leone,2017,19,22,58,14,22,64,27,23,50,3366
Solomon Islands,2011,35,37,28,29,40,31,59,24,17,3450
Solomon Islands,2012,35,36,28,29,40,31,59,24,17,3451
Solomon Islands,2013,35,36,28,29,40,31,59,24,17,3452
Solomon Islands,2014,35,36,28,29,40,31,59,24,17,3453
Solomon Islands,2015,36,36,28,29,40,31,59,24,17,3454
Solomon Islands,2016,36,36,28,29,40,31,59,24,17,3455
Solomon Islands,2017,36,36,28,29,40,31,59,24,17,3456
Somalia,2011,10,34,56,8,35,57,12,34,54,3468
Somalia,2012,10,34,56,8,35,57,12,34,54,3469
Somalia,2013,10,34,56,8,35,57,12,34,54,3470
Somalia,2014,10,34,56,8,35,57,12,34,54,3471
Somalia,2015,10,34,56,8,35,57,12,34,54,3472
Somalia,2016,10,34,56,8,35,57,12,34,54,3473
Somalia,2017,10,34,56,8,35,57,12,34,54,3474
South Africa,2012,43,44,13,27,55,18,53,38,10,3487
South Africa,2013,43,44,13,27,55,18,53,38,10,3488
South Africa,2014,44,44,13,27,55,18,53,38,10,3489
South Africa,2015,44,44,12,27,55,18,53,38,10,3490
South Africa,2016,44,44,12,27,55,18,53,38,10,3491
South Africa,2017,44,44,12,27,55,18,53,38,10,3492
Sudan,2010,23,19,57,19,21,60,32,16,52,3557
Sudan,2011,23,19,57,19,21,60,32,16,52,3558
Sudan,2012,23,19,57,19,21,60,32,16,52,3559
Sudan,2013,23,19,57,19,21,60,32,16,52,3560
Sudan,2014,23,19,57,19,21,60,32,16,52,3561
Sudan,2015,23,19,57,19,21,60,32,16,52,3562
Sudan,2016,23,19,57,19,21,60,32,16,52,3563
Sudan,2017,23,19,57,19,21,60,32,16,52,3564
Suriname,2006,68,12,20,55,14,31,74,11,15,3571
Suriname,2007,68,12,20,55,14,31,74,11,15,3572
Suriname,2008,68,12,20,55,14,31,74,11,15,3573
Suriname,2009,68,12,20,55,14,31,74,11,15,3574
Suriname,2010,68,12,20,55,14,31,74,11,15,3575
Suriname,2011,68,12,20,55,14,31,74,11,15,3576
Suriname,2012,68,12,20,55,14,31,74,11,15,3577
Suriname,2013,68,12,20,55,14,31,74,11,15,3578
Suriname,2014,68,12,20,55,14,31,74,11,15,3579
Syrian Arab Republic,2014,71,21,9,69,20,11,72,21,7,3633
Syrian Arab Republic,2015,71,21,9,69,20,11,72,21,7,3634
Syrian Arab Republic,2016,71,21,9,69,20,11,72,21,7,3635
Syrian Arab Republic,2017,71,21,9,69,20,11,72,21,7,3636
Tajikistan,2006,72,19,9,67,22,11,89,9,2,3643
Tajikistan,2007,72,19,9,67,22,11,89,9,2,3644
Tajikistan,2008,72,19,9,67,22,11,89,9,2,3645
Tajikistan,2009,72,19,9,67,22,11,89,9,2,3646
Tajikistan,2010,72,19,9,67,22,11,89,9,2,3647
Tajikistan,2011,72,20,8,67,23,10,88,10,2,3648
Tajikistan,2012,72,20,7,67,24,10,88,10,2,3649
Tajikistan,2013,72,21,7,67,24,9,88,10,2,3650
Tajikistan,2014,73,21,6,67,25,8,88,10,2,3651
Tajikistan,2015,73,22,6,67,26,7,88,11,2,3652
Tajikistan,2016,73,22,5,67,26,6,87,11,2,3653
Tajikistan,2017,73,23,5,67,27,6,87,11,2,3654
Thailand,2012,84,8,8,83,10,7,85,6,9,3667
Thailand,2013,84,8,8,83,10,7,85,6,9,3668
Thailand,2014,84,8,8,83,10,7,85,6,9,3669
Thailand,2015,84,8,8,83,10,7,85,6,9,3670
Thailand,2016,84,8,8,83,10,7,85,6,9,3671
Thailand,2017,84,8,8,83,10,7,85,6,9,3672
Timor-Leste,2012,28,65,7,22,69,9,43,54,4,3685
Timor-Leste,2013,28,65,7,22,69,9,43,54,4,3686
Timor-Leste,2014,28,65,7,22,69,9,43,54,4,3687
Timor-Leste,2015,28,65,7,22,69,9,43,54,4,3688
Timor-Leste,2016,28,65,7,22,69,9,43,54,4,3689
Timor-Leste,2017,28,65,7,22,69,9,43,54,4,3690
Togo,2004,9,12,79,4,11,85,20,13,66,3695
Togo,2005,9,12,79,4,11,85,20,13,66,3696
Togo,2006,10,12,79,4,11,85,20,13,66,3697
Togo,2007,10,12,78,4,11,85,20,13,66,3698
Togo,2008,10,12,78,4,11,85,20,13,66,3699
Togo,2009,10,12,78,4,11,85,20,13,66,3700
Togo,2010,10,12,78,4,11,85,20,13,66,3701
Togo,2011,10,12,78,4,11,85,20,13,66,3702
Togo,2012,10,12,78,4,11,85,20,13,66,3703
Togo,2013,10,12,78,4,11,85,20,13,66,3704
Togo,2014,10,12,78,4,11,85,20,13,66,3705
Togo,2015,10,12,78,4,11,85,20,13,66,3706
Togo,2016,10,12,78,4,11,85,20,13,66,3707
Togo,2017,10,12,78,4,11,85,20,13,66,3708
Trinidad and Tobago,2007,89,5,6,90,4,6,89,5,6,3752
Trinidad and Tobago,2008,89,5,6,90,4,6,89,5,6,3753
Trinidad and Tobago,2009,89,5,6,90,4,6,89,5,6,3754
Trinidad and Tobago,2010,89,5,6,90,4,6,89,5,6,3755
Trinidad and Tobago,2011,89,5,6,90,4,6,89,5,6,3756
Trinidad and Tobago,2012,89,5,6,90,4,6,89,5,6,3757
Trinidad and Tobago,2013,89,5,6,90,4,6,89,5,6,3758
Trinidad and Tobago,2014,89,5,6,90,4,6,89,5,6,3759
Trinidad and Tobago,2015,89,5,6,90,4,6,89,5,6,3760
Tunisia,2000,-,-,-,-,-,-,-,-,<1,3763
Tunisia,2001,-,-,-,-,-,-,-,-,<1,3764
Tunisia,2002,-,-,-,-,-,-,-,-,<1,3765
Tunisia,2003,-,-,-,-,-,-,-,-,<1,3766
Tunisia,2004,-,-,-,-,-,-,-,-,<1,3767
Tunisia,2005,-,-,-,-,-,-,-,-,<1,3768
Tunisia,2006,89,8,2,72,21,7,98,2,<1,3769
Tunisia,2007,89,8,2,72,21,7,98,2,<1,3770
Tunisia,2008,89,8,2,72,21,7,98,2,<1,3771
Tunisia,2009,89,8,2,72,21,7,98,2,<1,3772
Tunisia,2010,90,8,2,72,21,7,98,2,<1,3773
Tunisia,2011,88,8,4,70,19,11,97,3,<1,3774
Tunisia,2012,86,8,6,67,18,15,96,3,2,3775
Tunisia,2013,85,7,8,64,16,19,95,3,3,3776
Tunisia,2014,83,6,10,62,15,24,93,3,4,3777
Tunisia,2015,82,6,12,59,13,28,92,3,5,3778
Tunisia,2016,80,5,14,57,11,32,91,3,6,3779
Tunisia,2017,79,5,16,54,10,36,90,3,7,3780
Turkmenistan,2000,71,6,23,61,5,34,83,7,10,3799
Turkmenistan,2001,73,6,21,63,5,32,84,7,9,3800
Turkmenistan,2002,74,6,20,65,5,30,85,6,9,3801
Turkmenistan,2003,76,5,19,68,4,28,86,6,8,3802
Turkmenistan,2004,78,5,17,70,4,26,87,6,7,3803
Turkmenistan,2005,80,4,16,73,4,24,88,5,7,3804
Turkmenistan,2006,82,4,14,75,4,21,89,5,6,3805
Turkmenistan,2007,83,4,13,77,3,19,90,4,6,3806
Turkmenistan,2008,85,3,11,80,3,17,91,4,5,3807
Turkmenistan,2009,87,3,10,82,3,15,92,3,4,3808
Turkmenistan,2010,89,3,9,85,2,13,93,3,4,3809
Turkmenistan,2011,91,2,7,87,2,11,94,2,3,3810
Turkmenistan,2012,92,2,6,89,2,9,95,2,3,3811
Turkmenistan,2013,94,1,4,92,1,7,96,1,2,3812
Turkmenistan,2014,96,1,3,94,1,5,98,1,1,3813
Turkmenistan,2015,98,<1,2,97,<1,3,99,<1,<1,3814
Turkmenistan,2016,>99,<1,<1,>99,<1,<1,>99,<1,<1,3815
Turkmenistan,2017,>99,<1,<1,>99,<1,<1,>99,<1,<1,3816
Uganda,2000,3,20,78,2,18,81,9,30,62,3853
Uganda,2001,4,20,76,2,19,79,10,29,60,3854
Uganda,2002,5,21,74,3,20,77,12,29,59,3855
Uganda,2003,6,22,72,4,21,75,13,29,58,3856
Uganda,2004,7,23,70,5,21,73,15,29,56,3857
Uganda,2005,8,23,69,6,22,71,16,29,55,3858
Uganda,2006,9,24,67,7,23,70,18,29,54,3859
Uganda,2007,10,25,65,8,24,68,19,29,52,3860
Uganda,2008,11,26,63,9,25,66,21,28,51,3861
Uganda,2009,12,26,61,10,26,64,22,28,49,3862
Uganda,2010,13,27,60,11,27,62,24,28,48,3863
Uganda,2011,14,28,58,12,28,61,25,28,47,3864
Uganda,2012,16,28,56,13,29,59,27,28,45,3865
Uganda,2013,17,29,54,14,30,57,28,28,44,3866
Uganda,2014,18,30,52,15,30,55,30,27,43,3867
Uganda,2015,19,30,51,15,31,53,31,27,41,3868
Uganda,2016,20,31,49,16,32,51,33,27,40,3869
Uganda,2017,21,32,47,17,33,50,34,27,39,3870
United Republic of Tanzania,2012,47,36,17,40,40,19,63,25,12,3937
United Republic of Tanzania,2013,47,36,17,40,40,19,63,25,12,3938
United Republic of Tanzania,2014,47,36,17,40,40,19,63,25,12,3939
United Republic of Tanzania,2015,48,35,17,40,40,19,63,25,12,3940
United Republic of Tanzania,2016,48,35,17,40,40,19,63,25,12,3941
United Republic of Tanzania,2017,48,35,17,40,40,19,63,25,12,3942
Vanuatu,2009,25,43,32,17,46,36,48,33,19,4024
Vanuatu,2010,25,43,32,17,46,36,48,33,19,4025
Vanuatu,2011,25,43,32,17,46,36,48,33,19,4026
Vanuatu,2012,25,43,32,17,46,36,48,33,19,4027
Vanuatu,2013,25,43,32,17,46,36,48,33,19,4028
Vanuatu,2014,25,43,32,17,46,36,48,33,19,4029
Vanuatu,2015,25,43,32,17,46,36,48,33,19,4030
Vanuatu,2016,25,43,32,17,46,36,48,33,19,4031
Vanuatu,2017,25,43,32,17,46,36,48,33,19,4032
Viet Nam,2005,85,13,2,82,16,2,93,7,<1,4056
Viet Nam,2006,85,13,2,82,16,2,93,7,<1,4057
Viet Nam,2007,85,13,2,82,16,2,93,7,<1,4058
Viet Nam,2008,85,13,2,82,16,2,93,7,<1,4059
Viet Nam,2009,85,13,2,82,16,2,93,7,<1,4060
Viet Nam,2010,85,13,2,82,16,2,93,7,<1,4061
Viet Nam,2011,85,13,2,82,16,2,93,7,<1,4062
Viet Nam,2012,85,13,2,82,16,2,93,7,<1,4063
Viet Nam,2013,86,13,2,82,16,2,93,7,<1,4064
Viet Nam,2014,86,13,2,82,16,2,93,7,<1,4065
Viet Nam,2015,86,13,2,82,16,2,93,7,<1,4066
Viet Nam,2016,86,13,2,82,16,2,93,7,<1,4067
Viet Nam,2017,86,13,2,82,16,2,93,7,<1,4068
Yemen,2009,48,26,26,38,29,33,71,20,9,4132
Yemen,2010,48,26,26,38,29,33,71,20,9,4133
Yemen,2011,48,26,26,38,29,33,71,20,9,4134
Yemen,2012,49,26,26,38,29,33,71,20,9,4135
Yemen,2013,49,26,25,38,29,33,71,20,9,4136
Yemen,2014,49,26,25,38,29,33,71,20,9,4137
Yemen,2015,49,26,25,38,29,33,71,20,9,4138
Yemen,2016,49,26,25,38,29,33,71,20,9,4139
Yemen,2017,50,26,25,38,29,33,71,20,9,4140
Zambia,2010,13,28,59,5,24,71,26,33,41,4151
Zambia,2011,13,28,59,5,24,71,26,33,41,4152
Zambia,2012,13,28,59,5,24,71,26,33,41,4153
Zambia,2013,14,28,59,5,24,71,26,33,41,4154
Zambia,2014,14,28,58,5,24,71,26,33,41,4155
Zambia,2015,14,28,58,5,24,71,26,33,41,4156
Zambia,2016,14,28,58,5,24,71,26,33,41,4157
Zambia,2017,14,28,58,5,24,71,26,33,41,4158
Zimbabwe,2011,37,61,2,31,67,2,49,49,3,4170
Zimbabwe,2012,37,61,2,31,67,2,49,49,3,4171
Zimbabwe,2013,37,61,2,31,67,2,49,49,3,4172
Zimbabwe,2014,37,61,2,31,67,2,49,49,3,4173
Zimbabwe,2015,37,61,2,31,67,2,49,49,3,4174
Zimbabwe,2016,37,61,2,31,67,2,49,49,3,4175
Zimbabwe,2017,37,61,2,31,67,2,49,49,3,4176
