"Country","Population","Over65_perc","Over80F_percf","Over80M_percm","Slums_perc","GDP_pcap_ppp","Imports_percgdp","PartTime_perc","Salaried_perc","Poverty_perc","StatsCapacity","SciArticles","HealthSpend_pcap_ppp","LifeExp","HospBed_per10thou","MD_per10thou","HygBasic_natperc","HygLimit_natperc","HygNone_natperc","HygBasic_ruralperc","HygLimit_ruralperc","HygNone_ruralperc","HygBasic_urbanperc","HygLimit_urbanperc","HygNone_urbanperc"
"Afghanistan",37172386,2.58492693988024,0.32098229099271,0.233325824490103,62.7,1955.00620775557,45.3320652802564,NA,10.2220001220703,35.8,50,111.72,162.78115818,64.13,5,2.84,"38","34","28","29","38","33","64","23","13"
"Albania",2866376,13.7447359109736,3.03395389713644,2.44807869374057,NA,13364.1553966514,45.3977304984143,23.9300003051758,43.2789993286133,14.3,72.2222333333333,180.36,759.66698419,78.333,29,11.998,NA,NA,NA,NA,NA,NA,NA,NA,NA
"Algeria",42228429,6.36249654497986,1.36021372462712,1.18175549748212,NA,15481.7876195754,32.3410220592228,19.3899993896484,69.0820007324219,NA,48.8888666666667,5231.44,998.15375388,76.499,19,18.3,"84","8","8","73","13","14","88","6","6"
"American Samoa",55465,NA,NA,NA,NA,NA,99.3710691823899,NA,NA,NA,NA,NA,NA,NA,NA,NA,NA,NA,NA,NA,NA,NA,NA,NA,NA
"Andorra",77006,NA,NA,NA,NA,NA,NA,NA,NA,NA,NA,3.6,4978.7066016,NA,NA,33.333,NA,NA,NA,NA,NA,NA,NA,NA,NA
"Angola",30809762,2.21637364776329,0.337248804110499,0.2075326253215,55.5,6452.35516529031,23.2527213968366,NA,28.7250003814697,36.6,45.5555666666667,30.12,185.82040062,60.379,8,2.149,"27","15","58","13","14","73","34","16","50"
"Antigua and Barbuda",96286,8.79982551980558,1.85909391733349,1.53816325211659,NA,26868.1335238429,47.8009709238472,NA,NA,NA,51.1111333333333,5.63,976.3886597,76.752,38,27.647,NA,NA,NA,NA,NA,NA,NA,NA,NA
"Arab World",419790588,4.55787642361103,0.889501032948601,0.590620791746264,NA,17570.1375962038,39.5637909145932,NA,70.018253378962,NA,NA,58771.07,1014.5592220972,71.6225263276687,NA,NA,NA,NA,NA,NA,NA,NA,NA,NA,NA
"Argentina",44494502,11.1177888760774,3.4475320307634,1.77481880389002,16.7,20610.5685495282,16.4199284119137,37.7900009155273,74.6920013427734,NA,76.6666666666667,8811.13,1531.0383612,76.372,50,39.6,NA,NA,NA,NA,NA,NA,NA,NA,NA
"Armenia",2951776,11.2538176570131,3.78826990015616,2.45959959671612,14.4,10343.1755901515,53.4824517351464,32.9599990844727,59.0180015563965,32,90.0000333333333,521.33,876.85685658,74.797,42,28.99,"94","1","5","90","0","10","97","1","2"
"Aruba",105845,13.5509471396854,2.85781087011259,1.72756946103017,NA,39454.6298306781,75.237898220935,NA,NA,NA,NA,NA,NA,76.01,NA,NA,NA,NA,NA,NA,NA,NA,NA,NA,NA
"Australia",24992369,15.6564752275591,4.67924906904907,3.40801882417612,NA,51663.3650948449,21.3876035202283,45.7900009155273,83.1350021362305,NA,NA,53610.22,4529.88708182,82.4975609756098,38,35.874,NA,NA,NA,NA,NA,NA,NA,NA,NA
"Austria",8847037,19.0015664595899,6.55386653077959,3.92008680806524,NA,55454.689293289,52.0344068166518,44.8300018310547,87.75,NA,NA,12362.28,5295.1817721,81.6414634146342,76,51.441,NA,NA,NA,NA,NA,NA,NA,NA,NA
"Azerbaijan",9942334,6.19518275071493,1.73714498870402,0.982339804628094,NA,18044.1367837983,37.7191179640388,19.1499996185303,31.943000793457,5.3,76.6666666666667,761.43,1193.05883013,72.693,47,34.466,"83","11","5",NA,NA,NA,NA,NA,NA
"Bahrain",1569439,2.42633387832394,0.506780445391821,0.246452367224037,NA,47303.0485062895,71.6572121891948,NA,97.2350006103516,NA,NA,321.51,1866.29732036,77.032,20,9.257,NA,NA,NA,NA,NA,NA,NA,NA,NA
"Bangladesh",161356039,5.15839063962068,1.06714091750227,0.925676649434137,55.1,4371.75498582046,23.4439348097981,19.4500007629395,40.6599998474121,31.5,65.5555666666667,3135.08,90.59840433,72.052,8,5.268,"35","54","11","26","61","14","51","42","7"
"Barbados",286641,15.8026939621338,5.03595179421395,3.67803645551344,NA,18554.1292823844,40.8905996112731,NA,83.4049987792969,NA,NA,37.97,1322.9855087,78.981,58,24.886,"88","2","9",NA,NA,NA,NA,NA,NA
"Belarus",9485386,14.8451481743098,5.62395173555485,1.9850578004464,NA,19994.8040788005,69.1440943074798,15.8299999237061,95.6510009765625,5.5,83.3333333333333,1179.81,1151.40884919,74.1292682926829,110,40.772,NA,NA,NA,NA,NA,NA,NA,NA,NA
"Belgium",11422068,18.7887437383395,7.12120189712347,4.2684741168814,NA,51407.9983373414,82.7389120694672,36.6500015258789,85.745002746582,NA,NA,15688.13,4667.88228695,81.4390243902439,62,33.234,NA,NA,NA,NA,NA,NA,NA,NA,NA
"Belize",383071,4.73645877657144,1.03134605482829,1.04770490256711,10.8,8648.08879957291,58.0078191642862,25.0799999237061,66.2099990844727,NA,66.6666666666667,9.11,541.43432741,74.365,13,11.262,"90","9","0","90","9","2","91","9","0"
"Benin",11485048,3.25360529746338,0.540043477384322,0.333086789784896,61.5,2424.75584480555,44.1906620897664,NA,10.8760004043579,36.2,62.2222666666667,227.74,83.47636765,61.174,5,1.572,"11","16","73","6","17","77","17","15","68"
"Bermuda",63968,NA,NA,NA,NA,52547.3330901036,NA,NA,NA,NA,NA,NA,NA,81.4419512195122,NA,NA,NA,NA,NA,NA,NA,NA,NA,NA,NA
"Bhutan",754394,6.00301171280561,1.2107076985555,1.20832395387809,NA,10167.934056686,55.8915879319988,7.90000009536743,28.992000579834,12,66.6667,52.64,293.1100222,71.129,17,3.715,"80","18","2","75","22","3","87","12","0"
"Bolivia",11353142,7.19194739218447,1.8807748577976,1.36894923683088,43.5,7873.16624301,31.1211697950131,NA,37.8580017089844,45,66.6666666666667,102.8,496.30618855,70.945,11,16.111,"25","15","59","19","27","54","28","10","62"
"Bosnia and Herzegovina",3323929,16.4703174710621,4.14307064239771,2.62930835956091,NA,14623.6740532923,55.7808947028023,11.5500001907349,75.6490020751953,17.9,61.1111333333333,703.79,1123.4254254,77.128,35,20.003,"97","2","1","96","2","2","98","0","0"
"Botswana",2254126,4.22387434629301,0.658207309145608,0.329681136669237,NA,18615.7933362283,37.7659524881694,NA,72.1600036621094,19.3,54.4444333333333,280.57,931.30471441,68.812,18,3.688,NA,NA,NA,NA,NA,NA,NA,NA,NA
"Brazil",209469333,8.92283783244003,2.2316250996813,1.38043098835871,22.3,16096.4009621464,14.2767004326273,27.3400001525879,67.8290023803711,8.9,81.1111,60147.96,1777.47047654,75.456,22,21.499,NA,NA,NA,NA,NA,NA,NA,NA,NA
"British Virgin Islands",29802,NA,NA,NA,NA,NA,NA,NA,NA,NA,NA,NA,NA,NA,NA,NA,NA,NA,NA,NA,NA,NA,NA,NA,NA
"Brunei",428962,4.87314756750582,0.830842101176379,0.685945519147256,NA,80920.0486841005,41.964043494891,9.42000007629395,91.2949981689453,NA,NA,293.91,1812.41364645,75.585,27,17.701,NA,NA,NA,NA,NA,NA,NA,NA,NA
"Bulgaria",7024216,21.021914434268,5.96623216359801,3.47833929591438,NA,21960.3699424605,64.3108705743695,11.3699998855591,88.1340026855469,21,81.1111333333333,3311.27,1577.94276162,74.8121951219512,68,39.879,NA,NA,NA,NA,NA,NA,NA,NA,NA
"Burkina Faso",19751535,2.40698082866355,0.312584894859738,0.178068625002207,65.8,1984.8843059546,37.2388430772549,NA,13.0909996032715,46.7,62.2222333333333,251.99,115.60433137,60.768,4,0.6,"12","42","46","8","41","51","23","44","33"
"Burundi",11175378,2.24694046033717,0.356300585871955,0.227288725085867,57.9,744.182072008071,30.5033368824551,24.9099998474121,5.27400016784668,66.9,64.4444666666667,21.12,50.25423113,60.898,8,0.5,"6","93","1","4","95","1","20","79","0"
"Cambodia",16249798,4.56868001756576,0.691622532759217,0.44915480361977,55.1,4360.85440445566,63.3028853207448,3.41000008583069,49.2550010681152,17.7,60,145.74,228.57086774,69.289,8,1.682,"66","13","21","60","15","26","88","5","7"
"Cameroon",25216237,2.72887735524057,0.371297984536454,0.245414325454455,37.8,3785.07997826904,23.6975689193905,NA,23.3390007019043,39.9,53.3333666666667,875.62,169.28882146,58.511,13,0.898,"9","5","85","3","6","91","15","5","81"
"Canada",37058856,17.2320066788651,5.17041754242233,3.44384967889239,NA,48130.2559725043,34.0930504449183,38.4099998474121,84.7919998168945,NA,NA,59967.79,4718.29681786,82.2489756097561,27,26.102,NA,NA,NA,NA,NA,NA,NA,NA,NA
"Cape Verde",543767,4.60932715666821,1.69768695228462,0.847668819127337,NA,7454.06391681042,68.2078053781849,23.6800003051758,66.5579986572266,26.6,64.4444333333333,8.69,347.64124992,72.57,21,7.694,NA,NA,NA,NA,NA,NA,NA,NA,NA
"Caribbean small states",7358965,8.79665874897365,2.09049795079967,1.6492264027719,NA,16187.1118583243,NA,NA,66.9820881819223,NA,52.7777833333333,567.95,950.420452798661,73.5174924941115,NA,NA,NA,NA,NA,NA,NA,NA,NA,NA,NA
"Cayman Islands",64174,NA,NA,NA,NA,72607.570767153,NA,5.48999977111816,NA,NA,NA,NA,NA,82.190243902439,NA,NA,NA,NA,NA,NA,NA,NA,NA,NA,NA
"Central African Republic",4666377,2.82577370666008,0.477617901429965,0.228033309985213,93.3,859.935619639664,46.9800224539673,NA,5.46199989318848,62,32.2222,20.47,29.9077719,52.24,10,0.629,"17","5","78","13","4","83","22","7","71"
"Central Europe and the Baltics",102511922,18.4601184961471,6.04914401745137,3.03249435330383,NA,31214.2090199216,62.3795567136838,22.4728203528215,81.7853743426956,NA,NA,89500.84,1779.37552861779,77.0339659062949,NA,NA,NA,NA,NA,NA,NA,NA,NA,NA,NA
"Chad",15477751,2.48051894434901,0.360835727122948,0.265347333835293,88.2,1968.25826164116,37.8810921062285,NA,6.72900009155273,46.7,50.0000333333333,15.45,94.95477954,53.712,4,0.475,"6","18","76","2","18","79","18","19","63"
"Channel Islands",170499,17.2974621552033,5.7852582704585,3.7002347473502,NA,NA,NA,NA,85.3499984741211,NA,NA,NA,NA,82.766,NA,NA,NA,NA,NA,NA,NA,NA,NA,NA,NA
"Chile",18729160,11.5298016568816,3.41640396810778,1.985226933853,9,25222.5277771449,28.7191327028464,30.5699996948242,71.5839996337891,14.4,86.6666666666667,7121.74,2002.00838398,79.909,22,10.8,NA,NA,NA,NA,NA,NA,NA,NA,NA
"China",1392730000,10.9208835350654,2.17991235149794,1.39566194543666,25.2,18236.6129816498,18.7313138032856,NA,53.640998840332,4.6,76.6666666666667,528263.25,761.48785586,76.47,42,17.855,NA,NA,NA,NA,NA,NA,NA,NA,NA
"Colombia",49648685,8.47804701986958,2.03518142704334,1.48426927656809,13.1,15012.9302675399,20.8253458573742,27.1299991607666,49.265998840332,30.6,74.4444333333333,7195.02,829.80292211,76.925,15,20.835,"65","4","30","35","6","60","73","4","23"
"Comoros",832322,3.00700930649436,0.46546808634433,0.312504466050868,69.6,2913.38730578137,29.8465449183026,21.6800003051758,30.3729991912842,44.8,47.7777666666667,3.28,115.84633521,63.912,22,1.699,"16","35","49","15","33","52","18","42","40"
"Cook Islands",NA,NA,NA,NA,NA,NA,NA,NA,NA,NA,NA,NA,NA,NA,63,14.205,NA,NA,NA,NA,NA,NA,NA,NA,NA
"Costa Rica",4999441,9.54984767296984,2.37343683380703,1.75238043412588,5.5,17671.0953526733,33.2420840335805,25.7000007629395,75.9440002441406,22.4,84.4444333333333,507.41,1248.54792795,79.914,12,11.497,"84","10","6","83","12","5","84","10","6"
"Cote d'Ivoire",25069229,2.85894301500285,0.304082628890146,0.26749550341734,56,4207.08693435064,29.2470562631073,22.9899997711182,25.9810009002686,42.7,63.3333666666667,248.14,162.6449615,57.017,4,2.326,"19","34","47","10","37","53","28","30","42"
"Croatia",4089400,20.445433012423,7.48582734086672,3.64181309123871,NA,27579.7808327382,51.3615432817724,25.5,87.6340026855469,19.5,77.7778,4276.9,1705.20761848,77.8268292682927,56,29.962,NA,NA,NA,NA,NA,NA,NA,NA,NA
"Cuba",11338138,15.1862114171521,4.09119837835906,3.05465809699798,NA,NA,12.5931035861752,NA,90.7580032348633,NA,NA,968.74,2457.66804544,78.662,52,81.9,"85","10","5","76","12","12","88","9","3"
"Curacao",159849,16.6848948092804,4.25024420163104,3.10931455876645,NA,27743.0700522301,85.3287355824135,21.8899993896484,NA,NA,NA,NA,NA,78.0170731707317,NA,NA,NA,NA,NA,NA,NA,NA,NA,NA,NA
"Cyprus",1189265,13.7190617734483,3.77612163819838,2.46615404008572,NA,36155.4807539388,72.2795717929557,28.8400001525879,86.7580032348633,NA,NA,1245.42,2270.83174445,80.672,34,19.511,NA,NA,NA,NA,NA,NA,NA,NA,NA
"Czechia",10625695,19.4208768932343,5.34618323660414,2.83741960028193,NA,39743.5970941416,72.0030708959607,28.2000007629395,83.0350036621094,8.6,NA,15576.6,2484.63352906,79.4756097560976,65,43.14,NA,NA,NA,NA,NA,NA,NA,NA,NA
"Democratic Republic of the Congo",84068091,3.01784062159803,0.45039657764134,0.311127929323779,74.8,932.172006786861,37.3422312884634,NA,18.4529991149902,63.6,44.4444333333333,148.72,34.48820942,60.026,16,1.159,"48","34","18","32","43","25","56","29","14"
"Democratic Republic of the Congo",84068091,3.01784062159803,0.45039657764134,0.311127929323779,46.9,932.172006786861,37.3422312884634,NA,18.4529991149902,46.5,44.4444333333333,148.72,34.48820942,60.026,16,1.159,"48","34","18","32","43","25","56","29","14"
"Democratic Republic of the Congo",84068091,3.01784062159803,0.45039657764134,0.311127929323779,74.8,932.172006786861,37.3422312884634,NA,18.4529991149902,63.6,44.4444333333333,148.72,34.48820942,60.026,8,0.9,"4","11","84","2","11","87","7","12","81"
"Democratic Republic of the Congo",84068091,3.01784062159803,0.45039657764134,0.311127929323779,46.9,932.172006786861,37.3422312884634,NA,18.4529991149902,46.5,44.4444333333333,148.72,34.48820942,60.026,8,0.9,"4","11","84","2","11","87","7","12","81"
"Denmark",5797446,19.8129526369902,5.4657626049592,3.56907491645087,NA,55671.1652650668,49.5945167161173,42.939998626709,91.8000030517578,NA,NA,13978.8,5092.98030894,81.0048780487805,25,44.567,NA,NA,NA,NA,NA,NA,NA,NA,NA
"Djibouti",958920,4.52757937811482,0.706059518593781,0.513758341390734,65.6,2744.26865451208,178.881328667234,NA,50.7589988708496,NA,55.5555666666667,6.16,122.07560573,65.893,14,2.203,NA,NA,NA,NA,NA,NA,NA,NA,NA
"Dominica",71625,NA,NA,NA,NA,11129.8611927628,65.095817562071,NA,NA,NA,50,12.6,580.65767054,NA,NA,10.825,NA,NA,NA,NA,NA,NA,NA,NA,NA
"Dominican Republic",10627165,7.08281747649721,1.76264422601075,1.41201958686141,12.1,17748.1853186175,28.504535080793,26.5900001525879,56.5900001525879,41.1,70,49.26,936.82158997,73.689,16,15.6,"55","16","29","42","16","42","58","16","26"
"Early-demographic dividend",3249140605,5.8178056840413,1.1117003864778,0.809332706691048,NA,10276.7753874155,29.1709171020202,NA,39.3197714278379,NA,63.1884101449275,357984.941513648,431.75565052011,70.2552611004123,NA,NA,NA,NA,NA,NA,NA,NA,NA,NA,NA
"East Asia & Pacific",2328220870,10.7443580041224,2.55995655622063,1.55374409698748,NA,19329.7758996229,28.2231415753381,NA,55.7263140155607,NA,NA,866663.165708603,975.211290223284,75.8657476184635,NA,NA,NA,NA,NA,NA,NA,NA,NA,NA,NA
"East Asia & Pacific (excluding high income)",2081651801,9.49623787364322,1.95291309200999,1.21943674101314,NA,16113.5406974031,24.2547724697715,NA,52.3357074158539,NA,71.2037111111111,598879.870717703,647.376717316873,74.9949516020133,NA,NA,NA,NA,NA,NA,NA,NA,NA,NA,NA
"East Asia & Pacific (IDA & IBRD countries)",2056064424,9.49824756454622,1.94649433603256,1.22613644151336,NA,16282.9374331991,24.2542439912906,NA,52.6197974712452,NA,71.2037111111111,598781.994300491,647.387596001524,75.0333588983101,NA,NA,NA,NA,NA,NA,NA,NA,NA,NA,NA
"Ecuador",17084357,7.15728972666108,1.76344337420836,1.31184512164103,36,11734.3873890471,23.0467920375474,31.5400009155273,51.0559997558594,22.5,66.6666666666667,2142.19,942.8866596,76.584,15,20.5,"81","10","10","75","16","8","84","6","10"
"Egypt",98423595,5.22977934620923,0.988303008774181,0.593765076616204,10.6,12412.3094005832,29.3662955784919,13.7399997711182,68.3420028686523,25.2,82.2222666666667,13326.67,516.34315446,71.656,16,7.902,"90","10","0","88","12","0","93","6","2"
"El Salvador",6420744,8.28709000480629,2.03761415377831,1.64624432140546,28.9,8331.80414200319,48.6179529493035,22.9300003051758,60.2449989318848,29.6,85.5555666666667,45.44,599.54871678,72.872,13,15.69,"91","7","3","86","10","4","92","5","2"
"Equatorial Guinea",1308974,2.45787734677897,0.344897510276468,0.232444907806023,66.2,22743.8244342202,43.3468044957638,NA,42.3250007629395,76.8,39.9999666666667,2.6,838.74427202,58.061,21,4,"25","22","53","20","24","56","26","21","53"
"Eritrea",3213972,4.08385636215873,0.564450154130415,0.404092211701495,NA,2102.95405980347,NA,NA,20.8600006103516,69,27.7777666666667,21.37,55.33103421,65.538,7,0.557,NA,NA,NA,NA,NA,NA,NA,NA,NA
"Estonia",1320884,19.6263568469749,7.95170970911135,3.14651675159787,NA,35973.7764604798,70.7437935394783,29,89.9150009155273,18.6,50,1414.72,1987.71815596,77.6414634146342,50,34.651,NA,NA,NA,NA,NA,NA,NA,NA,NA
"Eswatini",1136191,4.01458794083506,0.931017632727223,0.27689602617271,32.7,10637.8417276438,43.9119686281662,18.3700008392334,65.0120010375977,63,66.6666666666667,34.05,663.25257978,58.319,21,0.796,"24","31","44","17","33","50","48","27","26"
"Ethiopia",109224559,3.50113299760986,0.547960578097338,0.454539763915115,73.9,2022.13796136605,22.798726646213,NA,13.7980003356934,29.6,57.7777666666667,1994.44,69.52478888,65.872,3,1,"8","51","41","4","50","46","23","57","19"
"Euro area",341783171,20.6002875939103,7.74208815206641,4.73248328012832,NA,46207.3235069981,42.1547853863016,37.2295061095586,85.1084517548631,NA,NA,414171.55,4272.50756035799,81.9507304209619,NA,NA,NA,NA,NA,NA,NA,NA,NA,NA,NA
"Europe & Central Asia",918793590,16.3488906043948,5.6790467054585,3.19958534021371,NA,34702.5547227272,40.3248821576232,33.5532405703885,82.3349619838881,NA,NA,794017.985067441,2698.02582285126,77.7446903650865,NA,NA,NA,NA,NA,NA,NA,NA,NA,NA,NA
"Europe & Central Asia (excluding high income)",417797257,12.0469773953365,3.9181020122912,1.75868631228913,NA,21931.7244501372,30.159702123788,13.2516899028078,78.9136186940538,NA,74.0555583333333,151727.76,1027.56704626066,73.3991723323695,NA,NA,NA,NA,NA,NA,NA,NA,NA,NA,NA
"Europe & Central Asia (IDA & IBRD countries)",459865205,12.5755989186922,4.1225121790275,1.87156835143501,NA,22758.6641879978,33.6035385808689,14.31166703608,79.0668781964923,NA,74.4444484848485,191667.3,1097.14240626385,73.808354320107,NA,NA,NA,NA,NA,NA,NA,NA,NA,NA,NA
"European Union",513213363,19.9345216836279,7.14653555323449,4.34136152078722,NA,43737.7380895989,41.8588724449149,35.4731352741394,84.5379113389283,NA,NA,622125.15,3846.30004962873,80.9911558127395,NA,NA,NA,NA,NA,NA,NA,NA,NA,NA,NA
"Faroe Islands",48497,NA,NA,NA,NA,NA,50.3922320927899,NA,NA,NA,NA,NA,NA,82.4,NA,NA,NA,NA,NA,NA,NA,NA,NA,NA,NA
"Fiji",883483,5.44968041263952,0.687612641052426,0.471507506837082,NA,10879.4784622426,NA,NA,55.9199981689453,35.2,57.7778,139.78,313.17131214,67.252,23,8.374,NA,NA,NA,NA,NA,NA,NA,NA,NA
"Finland",5518050,21.7207875455222,6.88880106615372,3.92274373431006,NA,48416.93602994,39.2931632352753,43.4300003051758,86.8769989013672,NA,NA,10598.94,4112.05423386,81.4292682926829,44,38.08,NA,NA,NA,NA,NA,NA,NA,NA,NA
"Fragile and conflict affected situations",515215936,3.45084801162229,0.552064281118008,0.367466922762862,NA,4665.18853318125,37.0257406247775,NA,28.7826614423898,NA,49.4636034482759,11265.0984022736,162.226854115169,63.1510954554411,NA,NA,NA,NA,NA,NA,NA,NA,NA,NA,NA
"France",66987244,20.0346247469881,7.63916641923836,4.56728527775527,NA,45342.3957360832,32.1109689812119,39.189998626709,88.4189987182617,NA,NA,66352.18,4782.28854931,82.5243902439024,65,32.349,NA,NA,NA,NA,NA,NA,NA,NA,NA
"French Guiana",NA,NA,NA,NA,10.5,NA,NA,NA,NA,NA,NA,NA,NA,NA,NA,NA,NA,NA,NA,NA,NA,NA,NA,NA,NA
"French Polynesia",277679,8.29050810468202,1.69026219142676,1.17687190857923,NA,NA,NA,NA,84.5240020751953,NA,NA,NA,NA,77.251,NA,NA,NA,NA,NA,NA,NA,NA,NA,NA,NA
"Gabon",2119275,3.56390746835592,0.681796982206926,0.385315219163665,37,17875.7611482905,21.5123688593313,NA,66.0960006713867,32.7,43.3333,63.78,555.6279022,65.839,13,3.611,NA,NA,NA,NA,NA,NA,NA,NA,NA
"Georgia",3731000,14.8654914310525,4.84595282798026,2.51953652717939,NA,12004.5738332821,61.1971488341745,35.9300003051758,49.1310005187988,14.8,87.7777666666667,550.41,797.17595278,73.414,26,50.976,NA,NA,NA,NA,NA,NA,NA,NA,NA
"Germany",82927922,21.4619619953309,8.18380735564631,5.07035282230536,NA,53074.5401181641,41.254735570526,40.810001373291,89.8489990234375,NA,NA,104396.12,5463.33065234,80.990243902439,83,42.087,NA,NA,NA,NA,NA,NA,NA,NA,NA
"Ghana",29767108,3.06889800693396,0.373264823580508,0.279961164752472,37.9,4746.68499549277,36.4138216028432,30.4500007629395,25.8090000152588,24.2,74.4444666666667,1275.99,189.37488586,63.463,9,1.8,"41","42","17","37","43","20","45","41","14"
"Gibraltar",33718,NA,NA,NA,NA,NA,NA,NA,NA,NA,NA,NA,NA,NA,NA,NA,NA,NA,NA,NA,NA,NA,NA,NA,NA
"Greece",10727668,21.6552720778435,8.39676589590683,6.13905853892866,NA,29592.1524196167,36.3904688555073,25.8799991607666,66.1370010375977,NA,NA,10906.99,2261.1565296,81.3878048780488,43,45.92,NA,NA,NA,NA,NA,NA,NA,NA,NA
"Greenland",56025,NA,NA,NA,NA,NA,45.0191491349158,NA,NA,NA,NA,30,NA,71.2463414634146,NA,NA,NA,NA,NA,NA,NA,NA,NA,NA,NA
"Grenada",111454,9.62190679562869,2.75652504205329,1.72892703251309,6,15557.5450365264,55.1720799500312,NA,NA,NA,57.7777666666667,46.17,745.1027805,72.388,37,14.471,NA,NA,NA,NA,NA,NA,NA,NA,NA
"Guadeloupe",NA,NA,NA,NA,5.4,NA,NA,NA,NA,NA,NA,NA,NA,NA,NA,NA,NA,NA,NA,NA,NA,NA,NA,NA,NA
"Guam",165768,9.84991071859466,2.56194620156739,1.43329789902416,NA,NA,53.6824324324324,NA,84.931999206543,NA,NA,NA,NA,79.631,NA,NA,NA,NA,NA,NA,NA,NA,NA,NA,NA
"Guatemala",17247807,4.81207250828785,1.17451954614211,0.935174985011108,34.5,8462.37400812193,27.6848354752307,29.3600006103516,62.6570014953613,53.7,64.4444666666667,99.89,462.40585501,73.81,6,3.55,"77","21","3","70","27","3","83","14","2"
"Guinea",12414318,2.92602244847935,0.380757766245976,0.2583652284174,43.3,2504.86974463305,53.0245859191977,NA,8.46599960327148,55.2,52.2222333333333,27.84,107.72365549,60.706,3,0.788,"17","31","52","13","33","55","26","27","47"
"Guinea-Bissau",1874309,2.82371633615269,0.348883645323176,0.188692645138733,82.3,1799.06789098093,32.4552944897155,NA,20.7329998016357,69.3,54.4444333333333,15.01,97.97199975,57.673,10,2,"6","5","89","5","4","92","9","6","85"
"Guyana",779004,6.45027124309697,1.46646460897713,1.0780078721429,33.1,8640.73737016211,47.1231768121411,NA,39.6520004272461,NA,53.3333333333333,13.7,332.67455358,69.624,16,7.99,"77","11","12","78","12","10","75","9","16"
"Haiti",11123176,4.94940384843253,0.973671571409859,0.681593974908203,74.4,1866.61758904114,58.4729311903517,NA,13.8620004653931,58.5,46.6666666666667,29.18,95.4432869,63.29,7,2.345,"23","61","16","16","63","21","29","60","12"
"Heavily indebted poor countries (HIPC)",780234406,3.02840923793326,0.463152695584916,0.324623054317235,NA,2530.64447697397,34.580562094654,NA,19.5128746259764,NA,57.2222342592593,8868.91568945769,127.519333719888,62.7486826008412,NA,NA,NA,NA,NA,NA,NA,NA,NA,NA,NA
"High income",1210312147,17.9320439329727,6.14011978504199,3.71146570967655,NA,50630.9621222157,30.7570481701571,30.0315468783415,87.609844991206,NA,NA,1440101.05719948,5600.07345685101,80.6937295003259,NA,NA,NA,NA,NA,NA,NA,NA,NA,NA,NA
"Honduras",9587522,4.69061765907812,1.20341974103531,0.855371368445934,27.5,5138.75245733876,60.3559049549425,33.8400001525879,48.1100006103516,64.5,53.3333666666667,45.1,400.33640974,74.898,7,3.144,"84","10","6","80","15","5","87","6","7"
"Hong Kong",7451000,16.8750483265122,5.42435609053178,4.31292927657006,NA,64596.5638523698,188.220901106377,16.8600006103516,91.3460006713867,NA,NA,NA,NA,84.6804878048781,NA,NA,NA,NA,NA,NA,NA,NA,NA,NA,NA
"Hungary",9768785,19.1577253832321,5.87648547244443,2.66613363628863,NA,31102.5027541193,80.5650745438455,24.3600006103516,89.6839981079102,14.3,50,6700.92,1963.16263,76.0634146341464,70,32.312,NA,NA,NA,NA,NA,NA,NA,NA,NA
"IBRD only",4772284113,8.48378013902042,1.89800576338564,1.16719588765161,NA,14687.2156061088,26.4732036419728,NA,50.0986627382329,NA,69.6851905555556,1133907.35403849,682.319735201246,73.1955086229713,NA,NA,NA,NA,NA,NA,NA,NA,NA,NA,NA
"Iceland",353574,14.7950925565689,4.35363279712858,3.11675247056039,NA,57303.060783165,44.1312252976555,37.2700004577637,88.2300033569336,NA,NA,680.89,4245.10898783,82.2048780487805,32,39.701,NA,NA,NA,NA,NA,NA,NA,NA,NA
"IDA & IBRD total",6412522234,7.22482074084979,1.55363126431879,0.981547601236896,NA,11956.6796617178,26.5650815401091,NA,45.019103600327,NA,64.2049876436782,1169198.15117054,552.426888547823,70.8585577824811,NA,NA,NA,NA,NA,NA,NA,NA,NA,NA,NA
"IDA blend",555830605,3.4988603827318,0.496933826090801,0.422609777849289,NA,5614.24668006088,22.2583938342749,NA,33.3720744991687,NA,62.2222242424242,22050.42,192.253682527613,61.9968846385796,NA,NA,NA,NA,NA,NA,NA,NA,NA,NA,NA
"IDA only",1084407516,3.58759259082614,0.594657439834225,0.440899347356705,NA,3249.85440692779,34.5793069135048,NA,25.3847726712368,NA,57.3827259259259,13241.1487923632,129.863413379425,64.973294676486,NA,NA,NA,NA,NA,NA,NA,NA,NA,NA,NA
"IDA total",1640238121,3.55749115143391,0.561900948126324,0.43462114262834,NA,4059.55739519574,28.1137601008843,NA,27.823389061455,NA,58.3333416666667,35291.1883643492,152.010531140125,63.9647120093937,NA,NA,NA,NA,NA,NA,NA,NA,NA,NA,NA
"India",1352617328,6.17995564947149,1.07414113739948,0.815471943199711,24,7762.88176956734,23.6396344113843,NA,22.1149997711182,21.9,72.2222333333333,135787.79,241.48305525,69.165,7,7.776,"60","38","3","49","47","3","80","19","2"
"Indonesia",267663435,5.85716561272863,1.07374094433761,0.638622003478531,21.8,13079.619296594,22.0559700304026,32.2099990844727,49.8479995727539,11.3,82.2222333333333,26947.57,362.72194133,71.282,12,3.777,"64","6","29","55","6","38","72","6","22"
"Iran",81800269,6.18457380562499,0.966979085667083,1.27963766923657,NA,21011.2883087802,23.8384608001943,32.1599998474121,55.1520004272461,NA,72.2222333333333,48305.64,1563.75167829,76.271,15,11.4,NA,NA,NA,NA,NA,NA,NA,NA,NA
"Iraq",38433600,3.32359966279505,0.590288220297314,0.375919297130585,47.2,17435.8539331446,35.9484339574529,23.9099998474121,70.8199996948242,18.9,34.4444666666667,6073.39,NA,70.294,14,8.217,"95","4","2","90","7","3","96","3","0"
"Ireland",4853506,13.8658017012923,3.53762432346675,2.50008058294329,NA,83203.3946770927,89.1849891528727,35.2400016784668,84.7880020141602,NA,NA,7174.11,5299.65396729,81.9560975609756,28,30.861,NA,NA,NA,NA,NA,NA,NA,NA,NA
"Isle of Man",84077,NA,NA,NA,NA,NA,NA,NA,NA,NA,NA,NA,NA,NA,NA,NA,NA,NA,NA,NA,NA,NA,NA,NA,NA
"Israel",8883800,11.9769860249625,3.67980385891828,2.41256950102334,NA,39919.1696489174,29.0185324309142,29.8500003814697,87.7639999389648,NA,NA,12234.69,2843.0440065,82.6024390243903,31,32.176,NA,NA,NA,NA,NA,NA,NA,NA,NA
"Italy",60431283,22.7516796025077,8.86526233243739,5.4816091504843,NA,41830.4263276444,28.9543448380087,33.5699996948242,76.8889999389648,NA,NA,71240.28,3427.30646617,83.2439024390244,34,40.931,NA,NA,NA,NA,NA,NA,NA,NA,NA
"Jamaica",2934855,8.79664255070196,2.15249763097333,1.93886183636797,60.5,9326.66405867008,51.0685283261114,11.0600004196167,60.7900009155273,19.9,64.4444666666667,163.85,535.66458325,74.267,17,13.199,"66","16","17","63","19","18","69","14","16"
"Japan",126529100,27.576369910355,10.5564415152335,6.16625352031787,NA,42797.4585169914,18.1928640768829,31.5200004577637,89.6650009155273,16.1,NA,98792.5,4592.42820832,84.099756097561,134,24.118,NA,NA,NA,NA,NA,NA,NA,NA,NA
"Jordan",9956011,3.84649039799834,0.671212255739265,0.533540227473842,12.9,9478.90458750285,54.5586978750823,NA,85.5749969482422,14.4,78.8889333333333,2627.29,494.75364627,74.292,14,23.436,NA,NA,NA,NA,NA,NA,NA,NA,NA
"Kazakhstan",18276499,7.39184627103032,2.07007614733361,0.916332598213873,NA,27879.7519462896,25.2912504856636,8.53999996185303,72.7350006103516,2.9,86.6666666666667,2367.46,858.76985003,72.95,67,32.522,"99","0","0","99","0","0","100","0","0"
"Kenya",51393010,2.33918661191556,0.347275825509531,0.192552058492965,56,3467.55647830821,23.0051779768841,36.4300003051758,38.9150009155273,45.9,54.4444666666667,1246.76,143.54423755,65.909,14,1.988,"25","35","40","22","34","44","32","40","29"
"Kiribati",115847,3.95262717204589,0.653605867173706,0.275738522603534,NA,2293.92033296962,92.0147851405208,NA,NA,NA,39.9999666666667,0.62,249.84131429,67.851,19,2.028,NA,NA,NA,NA,NA,NA,NA,NA,NA
"Kosovo",1845300,NA,NA,NA,NA,11348.3634485683,55.5775847829135,7.65000009536743,NA,NA,26.6666666666667,278.43,NA,71.9463414634146,NA,NA,NA,NA,NA,NA,NA,NA,NA,NA,NA
"Kuwait",4137309,2.55047238400198,0.257054011900513,0.208429791586201,NA,72897.562345371,43.7670247605056,NA,98.265998840332,NA,NA,1003.84,2899.26023773,75.311,20,25.789,NA,NA,NA,NA,NA,NA,NA,NA,NA
"Kyrgyzstan",6315800,4.49472797559656,1.30099525917554,0.613608855615316,NA,3884.70880922506,68.3891768514591,23.8199996948242,64.6920013427734,37,93.3333333333333,137.06,240.22661084,71.2,45,18.76,"89","9","2","87","11","2","93","5","1"
"Laos",7061507,4.0751499644481,0.683442955167632,0.454391231103814,31.4,7439.5993595197,41.8824634642904,25.8400001525879,19.9850006103516,23.2,64.4444666666667,86.91,154.62945928,67.277,15,4.997,"50","40","10","41","48","11","67","25","8"
"Late-demographic dividend",2288665963,10.7232529863456,2.54995895067915,1.47013929885471,NA,19073.3599520866,27.5169350199511,NA,58.1619168477011,NA,74.4791708333333,821699.001845436,943.179175087539,75.9954014946273,NA,NA,NA,NA,NA,NA,NA,NA,NA,NA,NA
"Latin America & Caribbean",641357515,8.43830607177221,2.1650025171286,1.42816079137445,NA,16251.0192494865,23.8442462981941,27.1685148204343,63.080290375338,NA,NA,108227.614330182,1277.16806109587,75.2802157502625,NA,NA,NA,NA,NA,NA,NA,NA,NA,NA,NA
"Latin America & Caribbean (excluding high income)",609013934,8.24270282039559,2.08241259321562,1.38845005260278,NA,15663.0745883239,23.277658922127,27.0127380098198,62.6026194505344,NA,68.9542529411765,99168.16,1244.14475652131,75.0834544384024,NA,NA,NA,NA,NA,NA,NA,NA,NA,NA,NA
"Latin America & the Caribbean (IDA & IBRD countries)",625569713,8.25620923692216,2.1094020137542,1.38519505747089,NA,16166.91458624,23.6400333154496,27.1685148204343,62.4942965623837,NA,68.9418031746032,106588.64,1254.10707732289,75.192465413112,NA,NA,NA,NA,NA,NA,NA,NA,NA,NA,NA
"Latvia",1926542,20.0436203206809,7.98817164555261,3.14242030632678,NA,30304.852496882,61.4891823719436,18.0599994659424,87.4739990234375,19.4,53.3333333333333,1417.73,1589.69204471,74.6804878048781,58,31.946,NA,NA,NA,NA,NA,NA,NA,NA,NA
"Least developed countries: UN classification",1009662578,3.5402491059174,0.5793212568961,0.430257931489513,NA,2995.44775813073,29.0694085799803,NA,24.1864845308528,NA,57.0085564102564,10876.0322194657,121.108994394152,64.7077302181912,NA,NA,NA,NA,NA,NA,NA,NA,NA,NA,NA
"Lebanon",6848925,7.00236813439294,1.77056973348772,1.19514163374769,53.1,13081.1074629124,39.6092335810864,NA,63.1730003356934,28.6,44.4444333333333,1776.31,1147.37477362,78.833,29,22.71,NA,NA,NA,NA,NA,NA,NA,NA,NA
"Lesotho",2108132,4.90108749682213,1.26328232695333,0.378519203617924,50.8,3219.45715691253,84.1773440046277,NA,44.851001739502,57.1,64.4444666666667,18.54,242.72999969,52.947,13,0.676,"2","3","95","0","2","98","6","5","89"
"Liberia",4818977,3.25343179968014,0.461197453886509,0.338090449936257,65.7,1308.62953596446,94.3321078431372,85.4499969482422,20.4039993286133,63.8,57.7777666666667,25.39,133.14859723,63.295,8,0.373,"1","1","97","0","1","98","2","1","97"
"Libya",6678567,4.39204025898401,0.897056923445151,0.623992592236906,NA,20764.1641363784,40.1212444439452,NA,93.4020004272461,NA,27.7777666666667,161.9,NA,72.52,37,21.581,NA,NA,NA,NA,NA,NA,NA,NA,NA
"Liechtenstein",37910,NA,NA,NA,NA,NA,NA,NA,NA,NA,NA,30.4,NA,82.2585365853659,NA,NA,NA,NA,NA,NA,NA,NA,NA,NA,NA
"Lithuania",2789533,19.7050331564608,8.1713074490098,3.50274873842332,NA,35461.3590993235,73.6789110643871,22.7800006866455,88.0849990844727,20.6,43.3333333333333,2267.3,1978.26935572,74.6707317073171,73,43.37,NA,NA,NA,NA,NA,NA,NA,NA,NA
"Low & middle income",6383958209,7.15665123057303,1.52075156103442,0.966537091891188,NA,11746.3599258477,25.7499682156702,NA,44.6685752568307,NA,63.8038105105105,1122296.31323907,541.119622942638,70.7965876778099,NA,NA,NA,NA,NA,NA,NA,NA,NA,NA,NA
"Low income",705417321,3.29117165297115,0.528945342281493,0.336581469960447,NA,2287.80688750076,35.252100397081,NA,18.2596271409866,NA,54.6666744444444,6532.61,93.1995059837376,63.3926101593465,NA,NA,NA,NA,NA,NA,NA,NA,NA,NA,NA
"Lower middle income",3022905169,5.52941547318043,1.05884975561877,0.722742144749994,NA,7655.13787487705,30.0120036748667,NA,34.6642709502954,NA,66.6081964912281,232499.593201449,262.114068761427,68.3230243560808,NA,NA,NA,NA,NA,NA,NA,NA,NA,NA,NA
"Luxembourg",607728,14.1831541841472,5.04580106768937,3.00125284513916,NA,113337.420494703,175.544290965783,31.7600002288818,90.3499984741211,NA,NA,869.1,6374.20353899,82.6853658536585,48,30.266,NA,NA,NA,NA,NA,NA,NA,NA,NA
"Macau",631636,10.4842029270023,2.55031799020444,1.57852572027654,NA,123892.166434539,33.2109943193318,5.67000007629395,93.786003112793,NA,NA,NA,NA,83.989,NA,NA,NA,NA,NA,NA,NA,NA,NA,NA,NA
"Madagascar",26262368,2.98671712579162,0.464329479076306,0.384010504939459,77.2,1891.32066763688,33.8198379741594,32.6399993896484,11.0719995498657,75.3,52.2222666666667,127.41,90.42908953,66.311,2,1.812,"51","23","26","40","27","33","69","15","15"
"Malawi",18143315,2.64543493031032,0.412039067778323,0.205437411186752,66.7,1310.99555499899,36.1670266760313,NA,39.4879989624023,50.7,73.3333333333333,231.21,115.15690197,63.279,13,0.157,"9","76","16","7","75","17","15","77","7"
"Malaysia",31528585,6.67175462547886,1.13404073113269,1.01429906315504,NA,31782.1533573136,61.745411268396,11.6099996566772,74.9219970703125,1.7,75.5555666666667,23661.33,1052.54758,75.828,19,15.132,NA,NA,NA,NA,NA,NA,NA,NA,NA
"Maldives",515696,3.70334460612454,0.969418817028052,0.684023280900821,NA,15307.7219374077,77.1839483892858,19.3199996948242,76.5810012817383,NA,57.7777666666667,7.44,1628.54287872,78.325,43,10.379,"96","2","2","95","1","4","97","2","0"
"Mali",19077690,2.50722975755683,0.296138983698029,0.240603953829339,56.3,2316.6551998375,34.0531709070044,16.1100006103516,9.97299957275391,43.6,67.7778,90.37,81.18253226,58.452,1,1.393,"52","25","23","39","31","30","70","16","13"
"Malta",483530,20.3493242997122,5.76799302509232,3.38762126221706,NA,42581.0978615749,123.982943699442,34.2799987792969,85.5490036010742,NA,NA,422.02,3511.13645593,82.4536585365854,47,38.26,NA,NA,NA,NA,NA,NA,NA,NA,NA
"Marshall Islands",58413,NA,NA,NA,NA,3989.03765796221,85.2805068737064,NA,NA,NA,32.2222,2.31,934.44488062,NA,NA,4.554,"83","15","2","77","19","4","84","14","2"
"Mauritania",4403319,3.14111215805009,0.518632338535914,0.322204696612076,79.9,4150.96524599535,76.2198848987709,NA,44.8320007324219,42,57.7778,20.32,163.91744893,64.464,4,1.79,"43","37","20","29","38","33","55","36","8"
"Mauritius",1265303,11.4741730686522,2.59336407111818,1.45222816029278,NA,23750.9880399871,54.1888142175361,40.5299987792969,79.4710006713867,NA,78.8889,126.94,1206.73977865,74.5146341463415,34,20.246,NA,NA,NA,NA,NA,NA,NA,NA,NA
"Mexico",126190788,7.22368498087198,1.78072383878986,1.32388392318644,11.1,19844.6456685975,41.1590154688671,22.9200000762939,68.677001953125,52.3,86.6666666666667,16345.64,971.8231599,74.947,15,22.478,"88","9","3","80","15","5","90","8","2"
"Micronesia (Federated States of)",NA,NA,NA,NA,NA,NA,NA,NA,NA,NA,NA,NA,NA,NA,NA,1.923,NA,NA,"72",NA,NA,NA,NA,NA,NA
"Micronesia, Fed. Sts.",112640,3.99680397727273,0.532798728507441,0.246193602458444,NA,3553.06145460345,65.3767292666934,6.21000003814697,NA,NA,41.1111,4.37,431.58638482,67.618,NA,NA,NA,NA,NA,NA,NA,NA,NA,NA,NA
"Middle East & North Africa",448912859,5.18216135597133,1.02140428569152,0.777244760099915,NA,20712.4325108103,39.3929410089568,NA,70.6201261938903,NA,NA,119302.31,1287.68650628506,73.9010335056528,NA,NA,NA,NA,NA,NA,NA,NA,NA,NA,NA
"Middle East & North Africa (excluding high income)",382896715,5.37543637508798,1.01103030783961,0.824262613847275,NA,13752.4084196543,32.9680430418037,20.4115645922058,62.9742517437866,NA,54.0740805555556,88918.47,904.703321704944,73.3942702537245,NA,NA,NA,NA,NA,NA,NA,NA,NA,NA,NA
"Middle East & North Africa (IDA & IBRD countries)",378327628,5.40251473043988,1.01717782915869,0.830076337382344,NA,13857.249179215,32.8040710543853,20.3314630747204,62.9076241905735,NA,52.9293,88542.52,904.703321704944,73.3901310655417,NA,NA,NA,NA,NA,NA,NA,NA,NA,NA,NA
"Middle income",5678540888,7.63701466475014,1.64645646736566,1.04330318529581,NA,12930.3241062815,25.6163551124586,NA,47.8201265158733,NA,67.1879349794239,1115764.85176396,588.145707549927,71.7024338527781,NA,NA,NA,NA,NA,NA,NA,NA,NA,NA,NA
"Moldova",3545883,11.4695563413512,3.09961559530557,1.43488920733009,NA,7271.64191879281,54.998357631669,32.7599983215332,65.6179962158203,12.7,91.1111,210.37,480.38300046,71.717,58,32.002,"87","7","6","82","10","8","93","2","4"
"Monaco",38682,NA,NA,NA,NA,NA,NA,NA,NA,NA,NA,45.12,3019.1346449,NA,NA,65.617,NA,NA,NA,NA,NA,NA,NA,NA,NA
"Mongolia",3170208,4.08353878726245,0.813654453964402,0.443128345443163,42.7,13799.9048471337,64.2328349644418,14.4700002670288,50.3790016174316,27.4,84.4444666666667,140.85,466.69121806,69.509,70,28.866,"71","7","22","49","10","41","81","6","12"
"Montenegro",622345,14.9749366447439,4.19109608677708,2.64987499677827,NA,20689.9867512224,66.7342964918413,9.05000019073486,78.2440032958984,11.3,82.2222333333333,249.51,1333.92989986,76.667,40,23.337,NA,NA,NA,NA,NA,NA,NA,NA,NA
"Morocco",36029138,7.0129048211122,1.44209979192234,0.895347383480323,13.1,8586.6387002324,49.2554358334041,NA,49.0209999084473,8.9,66.6666666666667,5056.77,465.69960182,76.218,11,7.273,NA,NA,NA,NA,NA,NA,NA,NA,NA
"Mozambique",29495962,2.8907644574499,0.471233626643576,0.225021068433318,80.3,1459.69841306972,84.2244178956122,51.4000015258789,14.6789999008179,54.7,64.4445,139.25,61.64512077,59.309,7,0.735,"12","32","55","8","37","55","21","24","55"
"Myanmar",53708395,5.78464193257209,0.986136642569762,0.572078348369102,41,6674.02864731957,27.9886720392633,15.9099998474121,38.2169990539551,NA,67.7778,230.65,291.08854671,66.558,9,8.64,"79","15","6","74","19","7","92","5","3"
"Namibia",2448255,3.63603168074514,0.824916078336921,0.405442660931397,33.2,11101.8262817533,44.9191890291428,25.6100006103516,70.9160003662109,28.7,50.0000333333333,156.31,969.25813468,63.021,27,3.721,"45","43","12","27","58","15","62","28","9"
"Nauru",12704,NA,NA,NA,NA,16504.2579284635,101.735306704708,NA,NA,NA,NA,0,1246.3021803,NA,50,12.389,NA,NA,NA,NA,NA,NA,NA,NA,NA
"Nepal",28087871,5.72767077569198,0.765084770076777,0.738154159756918,54.3,3089.55635218567,46.2971031347845,31.2000007629395,19.8419990539551,25.2,77.7777666666667,792.11,155.96958828,70.169,3,6.507,"48","51","0","43","56","1","67","32","0"
"Netherlands",17231017,19.1961926333387,5.74881365238194,3.64646480347354,NA,56328.9411363302,73.3313179310086,56.6599998474121,83.4850006103516,NA,NA,30457.33,5251.24157815,81.5609756097561,47,35.067,NA,NA,NA,NA,NA,NA,NA,NA,NA
"New Caledonia",284060,9.17415792537671,1.82388308736803,1.03943466106625,NA,NA,NA,NA,83.1050033569336,NA,NA,NA,NA,77.1487804878049,NA,NA,NA,NA,NA,NA,NA,NA,NA,NA,NA
"New Zealand",4885500,15.6524245271741,4.28399263136679,3.17823476764377,NA,41005.4208705895,28.2741552092056,41.189998626709,81.5370025634766,NA,NA,7888.75,3664.7215455,81.6585365853659,28,30.252,NA,NA,NA,NA,NA,NA,NA,NA,NA
"Nicaragua",6465513,5.24749744838026,1.32977271472668,0.875364918436826,45.5,5533.55106372852,51.2746732381436,NA,55.4809989929199,42.5,54.4444666666667,43.67,484.53229024,74.068,9,10.056,NA,NA,NA,NA,NA,NA,NA,NA,NA
"Niger",22442948,2.59500788269853,0.267188372592283,0.200988058965605,70.1,1063.42184074385,33.0366878691783,NA,10.1199998855591,48.9,67.7778,55.18,61.43025084,61.599,3,0.5,"9","75","16","5","78","17","30","57","13"
"Nigeria",195874740,2.74737700532743,0.241342450383656,0.20061221071083,50.2,5990.85043229634,17.5074563282189,NA,18.7080001831055,46,53.3333333333333,5602.28,213.7372371,53.95,5,3.827,"42","33","25","31","40","28","53","25","23"
"Niue",NA,NA,NA,NA,NA,NA,NA,NA,NA,NA,NA,NA,NA,NA,52,18.75,NA,NA,NA,NA,NA,NA,NA,NA,NA
"North America",364290258,15.9525773634698,4.70282154416121,3.1352615630668,NA,61303.190654507,17.0284595564677,23.65199129921,92.8596520434015,NA,NA,482867.06854002,9351.85266825495,78.9142768005615,NA,NA,NA,NA,NA,NA,NA,NA,NA,NA,NA
"North Korea",25549819,9.33452040978796,2.44949586641253,0.658590154656204,NA,NA,NA,NA,33.2690010070801,NA,NA,87.42,NA,71.91,143,36.745,NA,NA,NA,NA,NA,NA,NA,NA,NA
"North Macedonia",2082958,13.6701813815648,3.00947366398278,1.9865147666855,NA,16358.6620491976,72.8953760972152,12.8800001144409,76.4830017089844,27.1,75.5555666666667,493.05,934.57501099,75.589,44,28.736,NA,NA,NA,NA,NA,NA,NA,NA,NA
"Northern Mariana Islands",56882,NA,NA,NA,NA,NA,54.875283446712,NA,NA,NA,NA,NA,NA,NA,NA,NA,NA,NA,NA,NA,NA,NA,NA,NA,NA
"Norway",5314336,17.0492221563211,5.24231116221977,3.2039950192161,NA,65510.5852742471,32.6325314512612,48.4900016784668,93.5019989013672,NA,NA,11802.78,6203.454703,82.509756097561,39,46.336,NA,NA,NA,NA,NA,NA,NA,NA,NA
"OECD members",1303529456,17.1186184107216,5.73011239210435,3.54629988046282,NA,45623.9030752608,28.9455518053269,29.2613231349158,84.7897332609916,NA,NA,1415067.77,5040.76467950179,80.1384657252691,NA,NA,NA,NA,NA,NA,NA,NA,NA,NA,NA
"Oman",4829483,2.39278695625796,0.627624486973292,0.29164289654679,NA,41859.934476789,44.5244554965406,NA,96.1709976196289,NA,NA,856.43,2826.84695564,77.393,16,19.697,NA,NA,NA,NA,NA,NA,NA,NA,NA
"Other small states",30758989,5.49246578300642,1.46189802981453,0.687914428801891,NA,27067.5283673983,49.6599824710036,NA,68.6893200964781,NA,57.0707090909091,6978.41384848077,1161.22488906798,68.2054875092564,NA,NA,NA,NA,NA,NA,NA,NA,NA,NA,NA
"Pacific island small states",2457367,4.53731737663538,0.673938670862715,0.501505830449656,NA,6330.82474012657,NA,NA,38.8810014836726,NA,NA,189.45349153955,278.34272324963,69.7742837809553,NA,NA,NA,NA,NA,NA,NA,NA,NA,NA,NA
"Pakistan",212215030,4.31277431133756,0.640955465905393,0.668168493512301,45.5,5567.05560794386,19.7492590168979,12.4300003051758,39.7910003662109,22.3,74.4444666666667,12904.31,144.12382406,66.947,6,9.753,"60","32","8","46","43","11","83","12","5"
"Palau",17907,NA,NA,NA,NA,18510.2156584187,76.3032364313585,0.330000013113022,NA,NA,42.2222,6.51,1891.91732342,NA,NA,11.848,NA,NA,NA,NA,NA,NA,NA,NA,NA
"Palestine",NA,NA,NA,NA,NA,NA,NA,NA,NA,25.8,NA,NA,NA,NA,NA,NA,NA,NA,NA,NA,NA,NA,NA,NA,NA
"Panama",4176873,8.10473107966757,2.15027042689743,1.69079701355295,25.8,25553.6967088531,45.3073063942791,27.9799995422363,65.4069976806641,25.8,70,172.88,1750.29885068,78.149,23,15.699,NA,NA,NA,NA,NA,NA,NA,NA,NA
"Papua New Guinea",8606316,3.44526925145617,0.395691298137517,0.301746207625705,NA,4336.24465709437,NA,NA,20.0769996643066,39.9,48.8888333333333,64.12,92.26734054,64.01,NA,0.529,NA,NA,NA,NA,NA,NA,NA,NA,NA
"Paraguay",6956071,6.43021500946081,1.40835678059795,1.01873058586409,17.6,13599.9265632594,34.4058889899134,24.6200008392334,56.3359985351563,23.8,58.8889,97.98,767.76711559,73.992,13,13.66,"80","18","2","72","25","3","84","13","2"
"Peru",31989256,8.08839279183076,1.90024292853648,1.46155999397479,34.2,14418.070667873,23.5370450811417,23.9500007629395,45.3530006408691,23.9,80,1629.88,680.9994927,76.286,16,12.7,NA,NA,NA,"56","42","3",NA,NA,NA
"Philippines",106651922,5.12256876829946,1.04925957731597,0.529499112361671,38.3,8951.08565366152,44.3747490184624,25.4200000762939,62.6759986877441,25.2,84.4444666666667,2237.34,342.28682198,70.952,5,12.75,"78","12","10","73","14","13","85","9","6"
"Poland",37978548,17.5178167625452,6.02310669715736,2.90312619081144,NA,31336.6034966686,52.153985217767,25.6800003051758,79.8190002441406,17.3,78.8889,35662.64,1784.39698369,77.8512195121951,65,23.998,NA,NA,NA,NA,NA,NA,NA,NA,NA
"Portugal",10281762,21.9538575375873,7.75348486193732,4.92825496004909,NA,33415.4379006894,43.4350262486775,28.8299999237061,83.0220031738281,NA,NA,14294.56,2778.4155866,81.1243902439025,34,33.356,NA,NA,NA,NA,NA,NA,NA,NA,NA
"Post-demographic dividend",1109997273,18.9545169673224,6.4655350001411,3.9666632634515,NA,48705.2074502773,29.6273830687137,30.3465561009539,87.9819762870601,NA,NA,1336298.34969714,5691.53895817191,80.6136376062954,NA,NA,NA,NA,NA,NA,NA,NA,NA,NA,NA
"Pre-demographic dividend",919485393,2.75381363776434,0.366312310992303,0.249006738763128,NA,3985.94491486942,27.981704630817,NA,21.799801270313,NA,54.8765546296296,18167.72,145.950587117788,60.427466911492,NA,NA,NA,NA,NA,NA,NA,NA,NA,NA,NA
"Puerto Rico",3195153,18.6748502103569,5.79355342124807,3.81727029057804,NA,39540.5869304602,45.9429313889227,25.7299995422363,83.1119995117188,NA,NA,515.42,NA,79.6345365853659,NA,NA,NA,NA,NA,NA,NA,NA,NA,NA,NA
"Qatar",2781677,1.3700703387375,0.282074199309931,0.0873684295727136,NA,126898.425931605,34.3908188549984,0.140000000596046,99.5910034179688,NA,NA,1502.58,3926.12103707,79.981,12,0.008,NA,NA,NA,NA,NA,NA,NA,NA,NA
"Republic of the Congo",5244363,2.68171953903232,0.367836649753849,0.207618851959778,NA,5662.06341112502,56.0218574027979,NA,21.886999130249,NA,48.8889,66.68,263.28980735,63.954,NA,NA,NA,NA,NA,NA,NA,NA,NA,NA,NA
"Romania",19473936,18.3387013938296,5.99391902301779,3.42296861334011,NA,28206.3570497561,44.8530544040469,13.539999961853,73.7929992675781,22.4,75.5555333333333,10345.01,1152.17544922,75.309756097561,63,22.586,NA,NA,NA,NA,NA,NA,NA,NA,NA
"Russia",144478050,14.6747083203719,5.26351835803256,2.03218740166955,NA,27147.3335822451,20.769322518279,8.9399995803833,93.4300003051758,10.8,78.8889,81579.36,1329.29241995,72.1190243902439,82,40.139,NA,NA,NA,NA,NA,NA,NA,NA,NA
"Rwanda",12301939,2.9381960775388,0.441287970807325,0.283653239332565,53.2,2251.55638843363,34.1339613183534,55.0099983215332,31.4780006408691,44.9,58.8889,169.52,130.38062899,68.341,16,1.346,"5","10","86","3","10","87","13","8","79"
"Saint Kitts and Nevis",NA,NA,NA,NA,NA,NA,NA,NA,NA,NA,NA,NA,NA,NA,NA,25.23,NA,NA,NA,NA,NA,NA,NA,NA,NA
"Samoa",196130,4.80041197375197,0.951988504289759,0.53604509085176,NA,6483.53422795339,47.8120457103664,17.0300006866455,64.1439971923828,NA,53.3333666666667,11.05,352.79972298,73.046,NA,3.409,NA,NA,NA,NA,NA,NA,NA,NA,NA
"San Marino",33785,NA,NA,NA,NA,63037.1257778216,NA,NA,NA,NA,NA,10.81,3831.9980604,85.4170731707317,NA,61.468,NA,NA,NA,NA,NA,NA,NA,NA,NA
"Sao Tome and Principe",211028,2.9256781090661,0.680962452223561,0.351349047758848,86.6,3418.58692982186,NA,NA,51.8409996032715,61.7,60,0.73,196.89687921,69.933,29,3.2,"41","14","45","47","17","36","39","13","48"
"Saudi Arabia",33699947,3.31408802294981,0.6139560660256,0.393734479827539,18,55335.6795892271,26.6643339172916,7.5,95.1800003051758,NA,NA,10897.88,3117.23352667,74.874,27,23.9,NA,NA,NA,NA,NA,NA,NA,NA,NA
"Senegal",15854360,3.08682370101833,0.447213504502149,0.317852588790431,39.4,3782.53861264405,36.0852109664234,NA,34.3479995727539,46.7,76.6666666666667,388.32,141.69486147,67.38,3,0.692,"24","22","54","9","23","68","42","21","37"
"Serbia",6982084,18.3457926916963,4.89551454243343,3.14271266676729,NA,17434.916125391,59.2929135991213,20.1900005340576,69.6699981689453,24.6,88.8889,4523.42,1322.56354805,76.0878048780488,57,31.25,"98","0","1","98","1","1","98","0","2"
"Seychelles",96762,7.59454560435034,2.44491014161428,1.01297815577799,NA,30557.0757169393,102.082637916792,37.7000007629395,NA,37.8,68.8888666666667,9.53,1122.56375395,74.3,36,9.458,NA,NA,NA,NA,NA,NA,NA,NA,NA
"Sierra Leone",7650154,2.96655621131612,0.428234027548853,0.276193937989888,75.6,1601.97402885788,39.2285313088917,27.3099994659424,11.2480001449585,52.9,58.8889,40.72,244.04345109,53.895,4,0.25,"19","22","58","14","22","64","27","23","50"
"Singapore",5638676,11.4633801933791,2.77748824855553,1.57583077961962,NA,101531.630228067,149.815981896454,NA,85.4660034179688,NA,NA,11458.63,4083.75168085,82.8951219512195,24,23.063,NA,NA,NA,NA,NA,NA,NA,NA,NA
"Sint Maarten (Dutch part)",40654,NA,NA,NA,NA,31776.4060396618,101.482338678569,NA,NA,NA,NA,NA,NA,73.0536585365854,NA,NA,NA,NA,NA,NA,NA,NA,NA,NA,NA
"Slovakia",5447011,15.629246504777,4.38090822321796,2.06381765565781,NA,33736.400937172,94.0648049902185,23.7000007629395,84.9140014648438,12.8,50,5321.6,2172.16038986,77.1658536585366,58,24.643,NA,NA,NA,NA,NA,NA,NA,NA,NA
"Slovenia",2067372,19.6068796541788,7.13592646834857,3.49460207404943,NA,38048.7846591976,77.0982546080683,30.0400009155273,85.754997253418,14.5,NA,3206.15,2772.22977561,81.1756097560976,46,29.953,NA,NA,NA,NA,NA,NA,NA,NA,NA
"Small states",40575321,6.02956944874001,1.53358226483974,0.840780307174733,NA,23836.72368916,49.5362162289741,NA,66.9043632723013,NA,56.410258974359,7736.44529909575,1068.34327309173,69.261389799666,NA,NA,NA,NA,NA,NA,NA,NA,NA,NA,NA
"Solomon Islands",652858,3.59895045928894,0.561218289296966,0.506707396060214,NA,2422.81953266746,53.3190481644513,NA,18.6539993286133,22.7,52.2222333333333,13.2,117.75787475,72.645,14,1.999,"36","36","28","29","40","31","59","24","17"
"Somalia",15008154,2.87331094294556,0.376163291258015,0.285324926888327,73.6,NA,99.6004655120259,NA,20.6840000152588,NA,26.6666666666667,9.74,NA,56.709,9,0.229,"10","34","56","8","35","57","12","34","54"
"South Africa",57779622,5.31800500542302,0.973071799103723,0.463872849967536,23,13686.8823613158,29.5632511055317,15.789999961853,84.8270034790039,53.8,68.8889,13008.74,1071.34710362,63.538,28,9.101,"44","44","12","27","55","18","53","38","10"
"South Asia",1814388744,5.84056048177619,1.01261264924327,0.800434105355076,NA,7084.49097493871,23.6708010011028,NA,25.9611127631298,NA,70.1851944444444,154138.63,217.330780685657,69.1713119009688,NA,NA,NA,NA,NA,NA,NA,NA,NA,NA,NA
"South Asia (IDA & IBRD)",1814388744,5.84056048177619,1.01261264924327,0.800434105355076,NA,7084.49097493871,23.6708010011028,NA,25.9611127631298,NA,70.1851944444444,154138.63,217.330780685657,69.1713119009688,NA,NA,NA,NA,NA,NA,NA,NA,NA,NA,NA
"South Korea",51635256,14.4185558323969,4.34970524775619,2.07437979992729,NA,40111.7757574615,38.9937736107049,20.1900005340576,74.8560028076172,14.4,NA,66376.17,2711.738257,82.6268292682927,115,23.661,NA,NA,NA,NA,NA,NA,NA,NA,NA
"South Sudan",10975920,3.39848287985152,0.51462968657159,0.388347711659607,95.6,1920.62762594982,28.9000000000001,NA,9.74300003051758,50.6,38.8889,9.08,NA,57.365,NA,NA,NA,NA,NA,NA,NA,NA,NA,NA,NA
"Spain",46723749,19.3785075224995,7.65694264517897,4.67746876668828,NA,39715.4390594866,32.4030334563585,29.1700000762939,83.572998046875,NA,NA,54536.59,3259.8027752,83.3292682926829,30,40.691,NA,NA,NA,NA,NA,NA,NA,NA,NA
"Sri Lanka",21670000,10.4732197537841,1.91869749493084,1.29445870974455,NA,13473.6630942698,30.1336493582251,23.9599990844727,58.4850006103516,6.7,81.1111333333333,1347.54,491.49336482,76.648,35,9.58,NA,NA,NA,NA,NA,NA,NA,NA,NA
"St. Kitts and Nevis",52441,NA,NA,NA,NA,30207.7902129967,58.7535711260774,NA,NA,NA,47.7778,25.53,1479.57085378,NA,NA,NA,NA,NA,NA,NA,NA,NA,NA,NA,NA
"St. Lucia",181889,9.80653035642617,2.32152529520095,2.33087742799732,11.9,13881.3721333448,43.3927922256206,NA,64.9219970703125,NA,62.2222,3.81,677.40156252,75.907,13,1.053,"87","8","5","87","8","5","88","7","5"
"St. Martin (French part)",37264,NA,NA,NA,NA,NA,NA,NA,NA,NA,NA,NA,NA,79.7219512195122,NA,NA,NA,NA,NA,NA,NA,NA,NA,NA,NA
"St. Vincent and the Grenadines",110210,9.58978686338024,2.68840005162908,2.20804973471247,NA,12287.9755049588,54.7493688285458,NA,76.2750015258789,NA,60,1.22,409.14005816,72.3,26,6.587,NA,NA,NA,NA,NA,NA,NA,NA,NA
"Sub-Saharan Africa",1078306520,2.98770560654484,0.423397853178141,0.281040598275632,NA,3987.50398668531,28.2669127639393,NA,23.5451186399168,NA,NA,29479.1100079949,197.998314520383,60.8800023700024,NA,NA,NA,NA,NA,NA,NA,NA,NA,NA,NA
"Sub-Saharan Africa (excluding high income)",1078209758,2.98729217395572,0.423221717486838,0.280972990943797,NA,3985.11872836718,28.1987656555902,NA,23.5451186399168,NA,56.9192007575758,29469.5815492202,197.910552462687,60.8787774728612,NA,NA,NA,NA,NA,NA,NA,NA,NA,NA,NA
"Sub-Saharan Africa (IDA & IBRD countries)",1078306520,2.98770560654484,0.423397853178141,0.281040598275631,NA,3987.50398668531,28.2669127639393,NA,23.5451186399168,NA,56.9192007575758,29479.1100079949,197.998314520383,60.8800023700024,NA,NA,NA,NA,NA,NA,NA,NA,NA,NA,NA
"Sudan",41801533,3.58116052825144,0.55897573806011,0.438399677869001,91.6,4759.28188235824,12.3456378998456,NA,54.1609992980957,46.5,67.7777666666667,397.77,297.85590815,64.881,8,4.1,"23","19","57","19","21","60","32","16","52"
"Suriname",575991,6.90636990225525,1.6437121984607,1.007861944666,7.3,15510.4646355856,NA,13.7700004577637,85.9690017700195,NA,67.7778,17.38,907.60439067,71.463,31,12.265,"68","12","20","55","14","31","74","11","15"
"Sweden",10183175,20.0955249278002,6.26245881863494,4.08274767181263,NA,53208.8843603785,43.2869887657557,45.7299995422363,90.1949996948242,NA,NA,20420.56,5386.73402342,82.3073170731707,26,53.996,NA,NA,NA,NA,NA,NA,NA,NA,NA
"Switzerland",8516543,18.6232165647717,6.31846878342175,3.9802980887717,NA,68060.9410452501,53.9033954564242,44.9300003051758,85.2519989013672,NA,NA,21378.56,7867.39450543,83.6024390243903,47,42.363,NA,NA,NA,NA,NA,NA,NA,NA,NA
"Syria",16906283,4.50312442147583,0.904709829311499,0.689897816477938,19.3,NA,NA,NA,60.9930000305176,35.2,26.6666666666667,274.65,NA,70.967,15,12.2,"71","21","9","69","20","11","72","21","7"
"Taiwan",23817000,15.8,NA,NA,NA,1251.967,NA,NA,NA,1.5,NA,NA,NA,81,NA,NA,NA,NA,NA,NA,NA,NA,NA,NA,NA
"Tajikistan",9100837,3.02188755207627,0.597068308842741,0.449818211458802,NA,3449.77931578962,40.9215394067741,NA,54.6479988098145,47.2,73.3333333333333,62.4,208.5064842,70.647,48,17.003,"73","23","5","67","27","6","87","11","2"
"Tanzania",56318348,2.60129917835952,0.356024144090241,0.195733816230634,50.7,3227.0342112812,17.098663264222,38.0900001525879,14.8459997177124,28.2,62.2222333333333,602.71,111.97884273,64.479,7,0.399,"48","35","17","40","40","19","63","25","12"
"Thailand",69428524,11.9008931395893,2.98745031228904,2.07568057408385,25,19051.3333817112,56.4883209346758,16.8299999237061,50.1780014038086,12.6,76.6666666666667,12513.75,635.02179596,76.683,21,8.096,"84","8","8","83","10","7","85","6","9"
"The Bahamas",385640,7.25760235662035,1.3998073752099,1.00895783730688,NA,32087.7291547443,41.2700712302306,NA,85.5859985351563,NA,NA,19.77,1435.56751295,73.554,29,19.373,NA,NA,NA,NA,NA,NA,NA,NA,NA
"The Gambia",2280102,2.58998093938232,0.275318369495699,0.243793091556376,34.8,2612.00099501428,41.5109863180911,NA,26.3969993591309,48.4,64.4444666666667,33.83,74.31114618,61.44,11,1.077,"8","15","77","1","13","85","12","16","72"
"Timor-Leste",1267972,4.31649229400603,0.674670438400245,0.457982629428856,NA,7658.43499648981,59.9162921394844,48.3699989318848,27.2660007476807,49.9,61.1111333333333,13.92,121.67577263,69.007,59,7.197,"28","65","7","22","69","9","43","54","4"
"Togo",7889094,2.86946801108822,0.303956886234793,0.236070694787507,51.2,1773.89663170619,42.2890443313526,NA,21.3129997253418,58.7,71.1111,86.06,99.90314053,60.489,7,0.487,"10","12","78","4","11","85","20","13","66"
"Tonga",103197,5.95366144364662,1.31043306323421,1.0210605855114,NA,6419.56177829792,75.9221976120895,NA,45.75,NA,46.6666666666667,4.82,311.42813564,70.701,NA,5.223,NA,NA,NA,NA,NA,NA,NA,NA,NA
"Trinidad and Tobago",1389858,10.7349535163324,2.23810654792296,1.42929538577141,24.7,32014.7831311708,NA,6.53000020980835,76.6190032958984,NA,41.1111,211.21,2180.52343745,73.245,30,26.697,"89","5","6","90","4","6","89","5","6"
"Tunisia",11565204,8.31567907898877,2.00762571361418,1.43186270028632,8,12502.8201886876,62.0400455204866,NA,72.3489990234375,15.5,67.7778,5564.86,806.34361548,76.31,23,12.722,"79","5","16","54","10","36","90","3","7"
"Turkey",82319724,8.4832129399716,2.09672332281534,1.25823609528756,11.9,28068.8594133348,30.6272671841141,22.8400001525879,67.6190032958984,2.3,74.4444666666667,33535.8,1089.24502526,77.161,27,17.605,NA,NA,NA,NA,NA,NA,NA,NA,NA
"Turkmenistan",5850908,4.42663446194014,1.11533451112658,0.632293406911145,NA,19304.1013058699,12.4971962092749,NA,74.6900024414063,NA,34.4444333333333,3.69,1116.85998453,67.956,74,22.248,"100","0","0","100","0","0","100","0","0"
"Turks and Caicos Islands",37665,NA,NA,NA,NA,25370.7335360339,NA,NA,NA,NA,NA,NA,NA,NA,NA,NA,NA,NA,NA,NA,NA,NA,NA,NA,NA
"Tuvalu",11508,NA,NA,NA,NA,4049.56437964299,NA,43.9799995422363,NA,NA,44.4444333333333,1.48,601.02719144,NA,56,9.174,NA,NA,NA,NA,NA,NA,NA,NA,NA
"Uganda",42723139,1.94098692046317,0.276030832599754,0.135478194761969,53.6,2038.07389195994,28.6900064634472,42.1100006103516,21.9209995269775,19.5,61.1111333333333,673.07,117.11069685,62.516,5,0.908,"21","32","47","17","33","50","34","27","39"
"Ukraine",44622516,16.4346864392016,5.60474030328313,2.37050281262019,NA,9233.15046924005,53.8086877645976,15.2700004577637,84.318000793457,8.4,72.2222,10379.89,534.19106414,71.7809756097561,88,30.075,NA,NA,NA,NA,NA,NA,NA,NA,NA
"United Arab Emirates",9630959,1.08500098484481,0.163864476791062,0.0976893899532615,NA,75075.2574109804,67.9783656986559,2.33999991416931,96.5709991455078,NA,NA,3144.89,2546.18760349,77.647,12,23.944,NA,NA,NA,NA,NA,NA,NA,NA,NA
"United Kingdom",66488991,18.3958656741466,5.9184161082093,4.13800198857692,NA,45973.5735044198,31.769657960321,41.7099990844727,84.745002746582,NA,NA,97680.9,4177.81513137,81.1560975609756,28,28.058,NA,NA,NA,NA,NA,NA,NA,NA,NA
"United States",327167434,15.8076540556035,4.64999078966128,3.10021645542017,NA,62794.5856522398,15.3252110810918,21.8700008392334,93.8320007324219,15.1,NA,422807.71,9869.74238174,78.5390243902439,29,25.948,NA,NA,NA,NA,NA,NA,NA,NA,NA
"Upper middle income",2655635719,10.0379487990588,2.30587492891865,1.4138656987376,NA,18919.9915831011,24.380716860164,NA,59.8335089605654,NA,67.7002620155039,883273.906700284,964.496540840132,75.5225332493901,NA,NA,NA,NA,NA,NA,NA,NA,NA,NA,NA
"Uruguay",3449299,14.8145195308593,6.07614463017916,2.71338358362398,NA,23572.1774626679,18.9879779084104,NA,72.0979995727539,11.5,77.7778,852.23,1958.90021849,77.632,28,50.499,NA,NA,NA,NA,NA,NA,NA,NA,NA
"Uzbekistan",32955400,4.4191378781364,1.04558665702455,0.628220928301695,NA,8556.05151229768,38.7365127489172,NA,58.6020011901855,16,57.7777666666667,353.91,416.90398159,71.388,40,23.685,NA,NA,NA,NA,NA,NA,NA,NA,NA
"Vanuatu",292680,3.64015306819735,0.535852928127773,0.5612488967046,NA,3221.1498234158,49.3913461173823,NA,27.875,NA,52.2222,6.45,116.09247949,70.172,NA,1.706,"25","43","32","17","46","36","48","33","19"
"Venezuela",28870195,7.26698662012597,1.6479211108011,1.04285028681766,32,12640.7343067322,36.4328206780193,NA,63.5320014953613,25.4,57.7777666666667,639.03,NA,72.246,8,19.24,NA,NA,NA,NA,NA,NA,NA,NA,NA
"Vietnam",95540395,7.2749782978793,2.63474876629828,1.27901625272562,27.2,7447.81433404948,102.474860762582,18.2099990844727,43.9539985656738,17.2,72.2222333333333,4286.48,356.27965474,75.241,26,8.199,"86","13","2","82","16","2","93","7","0"
"Virgin Islands (U.S.)",106977,19.2883072220099,3.93535809936779,2.63332329014764,NA,NA,78.5732814526589,NA,84.3659973144531,NA,NA,NA,NA,79.419512195122,NA,NA,NA,NA,NA,NA,NA,NA,NA,NA,NA
"West Bank and Gaza",4569087,3.13330573708009,0.498672779268232,0.345939397968959,NA,5157.56857825854,59.7356303751394,26.2099990844727,70.5220031738281,NA,66.6666666666667,375.95,NA,73.74,NA,NA,NA,NA,NA,NA,NA,NA,NA,NA,NA
"World",7594270356,8.87344224397751,2.26603845011395,1.39843492008142,NA,17912.3681345502,29.3378960857406,NA,52.1982606980892,NA,NA,2554373.36151358,1355.60484824892,72.3830086612671,NA,NA,NA,NA,NA,NA,NA,NA,NA,NA,NA
"Yemen",NA,NA,NA,NA,60.8,NA,NA,NA,NA,34.8,NA,NA,NA,NA,7,3.104,"50","26","25","38","29","33","71","20","9"
"Yemen, Rep.",28498687,2.87626975604452,0.416135351920326,0.283627857187326,NA,2575.12638534566,NA,NA,47.2970008850098,NA,32.2222,137.44,NA,66.086,NA,NA,NA,NA,NA,NA,NA,NA,NA,NA,NA
"Zambia",17351822,2.09967802593266,0.351255165105907,0.154686513601366,54,4223.90693570847,38.2368178350222,NA,22.1720008850098,60.5,52.2222333333333,213.07,175.17835208,63.043,20,0.913,"14","28","58","5","24","71","26","33","41"
"Zimbabwe",14439018,2.93952365300113,0.59957461235529,0.244973229856905,25.1,3029.79300547992,25.5124757295663,61.2200012207031,33.8489990234375,72.3,56.6666333333333,359.33,185.04828186,60.812,17,0.763,"37","61","2","31","67","2","49","49","3"
